smiles,Target
NC(=O)CC[C@@]3([H])NC(=O)[C@@]([H])(C/C1=C/C=CC=C1)NC(=O)[C@@]([H])(C/C2=C/C=C(/O)C=C2)NC(=O)CC[S][S]C[C@@]([H])(NC(=O)[C@@]([H])(CC(N)=O)NC3=O)C(=O)N4CCC[C@@]4([H])C(=O)N[C@@]([H])(CCC/N=C(/N)N)C(=O)NCC(N)=O,1
CC[C@@]1([H])NC(=O)[C@@]([H])(N(C)C(=O)[C@@]([H])(N(C)C(=O)[C@@]([H])(CC(C)(C)[H])N(C)C(=O)[C@@]([H])(CC(C)(C)[H])N(C)C(=O)[C@@](C)([H])NC(=O)[C@@](C)([H])NC(=O)[C@@]([H])(CC(C)(C)[H])N(C)C(=O)[C@@]([H])(NC(=O)[C@@]([H])(CC(C)(C)[H])N(C)C(=O)CN(C)C1=O)C(C)(C)[H])C(C)(C)[H])[C@@](O)([H])[C@@](C)([H])C/C=C/C,1
N[C@@]([H])(C/C1=C/NC=N1)C(O)=O,1
C[S+](CC[C@@](N)([H])C(O)=O)C[C@@]3([H])O[C@@]([H])(N1C=NC=2C(N)=NC=NC1=2)[C@@](O)([H])[C@@]3(O)[H],1
OC(=O)CCCC[C@@]1([H])[S]C[C@@]2([H])NC(=O)N[C@@]12[H],1
C[N+](C)(C)CCO,1
OC[C@@](O)([H])[C@@]1([H])OC(O)=C(O)C1=O,1
NCCC[C@@](N)([H])C(O)=O,1
C[S]CC[C@@](N)([H])C(O)=O,1
C[C@@]([H])(CCCC(C)(C)O)[C@@]2([H])CC[C@@]1([H])C(CCC[C@@]12C)=C/C=C3/C[C@@](O)([H])C[C@@](O)([H])C3=C,1
CC(/C=C/C=C(/C)C=C[C@@]1([H])C(C)=C[C@@](O)([H])CC1(C)C)=C/C=C/C=C(/C)C=C/C=C(/C)C=C/C2=C(/C)C[C@@](O)([H])CC2(C)C,1
OC(=O)CCC(O)=O,1
N[C@@]([H])(CCC(O)=O)C(O)=O,1
C[C@@]([H])(CCCC(C)(C)O)[C@@]2([H])CC[C@@]1([H])C(CCC[C@@]12C)=C/C=C3/C[C@@](O)([H])CCC3=C,1
CC(C)([H])C[C@@](N)([H])C(O)=O,1
N[C@@]([H])(C/C1=C/NC2=CC=CC=C12)C(O)=O,1
C/C2=N/C=C(/C/[N+]1=C/[S]C(CCO)=C1C)C(N)=N2,1
CC(C)([H])[C@@](C)([H])C=C[C@@](C)([H])[C@@]2([H])CC[C@@]1([H])C(CCC[C@@]12C)=C/C=C3/C[C@@](O)([H])CCC3=C,1
CCCCC/C=C/C/C=C/C/C=C/CCCCCCC(O)=O,1
NC(=O)C1=CN(C=CC1)[C@@]5([H])O[C@@]([H])(CO[P](O)(=O)O[P](O)(=O)OC[C@@]4([H])O[C@@]([H])(N2C=NC=3C(N)=NC=NC2=3)[C@@](O)([H])[C@@]4(O)[H])[C@@](O)([H])[C@@]5(O)[H],1
N/C3=N/C(O)=C2/N=C(/CN/C1=C/C=C(C=C1)C(=O)N[C@@]([H])(CCC(O)=O)C(O)=O)C=NC2=N3,1
CC/C=C/C/C=C/C/C=C/C/C=C/C/C=C/CCCC(O)=O,1
CC(/C=C/C=C(/C)C=C/C1=C(/C)CCCC1(C)C)=CCO,1
CC(C)([H])CCC[C@@](C)([H])CCC[C@@](C)([H])CCC[C@@]1(C)CCC2=C(O1)C(C)=C(C)C(O)=C2C,1
C/C1=N/C=C(/CO)C(CO)=C1O,1
CC[C@@](C)([H])[C@@](N)([H])C(O)=O,1
CC(C)([H])CCC[C@@](C)([H])[C@@]2([H])CC[C@@]1([H])C(CCC[C@@]12C)=C/C=C3/C[C@@](O)([H])CCC3=C,1
CC[C@@](C)([H])C(=O)O[C@@]1([H])C[C@@](O)([H])C=C2C=C[C@@](C)([H])[C@@]([H])(CC[C@@](O)([H])C[C@@](O)([H])CC(O)=O)[C@@]12[H],1
COCCCC/C(=N/OCCN)C1=CC=C(C=C1)C([F])([F])[F],1
CCCCC(=O)N(C/C1=C/C=C(C=C1)C2=CC=C/C=C2/C=3N=NNN=3)[C@@]([H])(C(O)=O)C(C)(C)[H],1
CCOC(=O)[C@@]([H])(CC/C1=C/C=CC=C1)N[C@@](C)([H])C(=O)N3[C@@]2([H])CCC[C@@]2([H])C[C@@]3([H])C(O)=O,1
NC[C@@]([H])(CC(O)=O)C1=C/C=C(/[Cl])C=C1,1
C[C@@](N)([H])C/C1=C/C=CC=C1,1
CN1CCC[C@@]1([H])C2=CN=CC=C2,1
C[C@@]1([H])O[C@@]2(C[S]1)CN3CCC2([H])CC3,1
O[C@@]3([H])N=C(/C1=C/C=C/C=C1/[Cl])C=2/C=C(/[Cl])C=CC=2NC3=O,1
CC[C@@](O)(C=C[Cl])C#C,1
C[C@@](C/C1=C/C(O)=C(O)C=C1)(NN)C(O)=O,1
CC(C)(N)C/C1=C/C=CC=C1,1
CO/C1=C/C=CC(=C1)[C@@]2(O)CCCC[C@@]2([H])CN(C)C,1
C/C2=C(/C)C=1O[C@@](C)(CCC=1C(C)=C2O)CO/C4=C/C=C(/C[C@@]3([H])[S]C(=O)NC3=O)C=C4,1
CCOC(=O)C1=C[C@@]([H])(OC([H])(CC)CC)[C@@]([H])(NC(C)=O)[C@@](N)([H])C1,1
CC[C@@]3([H])OC(=O)[C@@](C)([H])[C@@]([H])(O[C@@]1([H])C[C@@](C)(OC)[C@@](O)([H])[C@@](C)([H])O1)[C@@](C)([H])[C@@]([H])(O[C@@]2([H])O[C@@](C)([H])C[C@@]([H])(N(C)C)[C@@]2(O)[H])[C@@](C)(O)C[C@@](C)([H])C(=O)[C@@](C)([H])[C@@](O)([H])[C@@]3(C)O,1
C[C@@]([H])(CNC(=O)CC[C@@]1(C)C=2[N-][C@@]([H])([C@@]1([H])CC(N)=O)[C@@]5(C)N=C(C(C)=C4N=C(C=C3N=C(C=2C)[C@@]([H])(CCC(N)=O)C3(C)C)[C@@]([H])(CCC(N)=O)[C@@]4(C)CC(N)=O)[C@@]([H])(CCC(N)=O)[C@@]5(C)CC(N)=O)O[P]([O-])(=O)O[C@@]8([H])[C@@]([H])(CO)O[C@@]([H])(N7C=NC=6/C=C(/C)C(C)=CC=67)[C@@]8(O)[H].O.[Co++],1
CCC/C1=N/N(C)C=2C1=NC(=NC=2O)C=3C=C(C=CC=3OCC)[S](=O)(=O)N4CCN(C)CC4,1
CCC=1/N=C(/N)N=C(N)C=1/C2=C/C=C(/[Cl])C=C2,1
CO[C@@]5([H])[C@@]([H])(C[C@@]4([H])CN3CCC2=C(NC=1C=C(C=CC=12)OC)[C@@]3([H])C[C@@]4([H])[C@@]5([H])C(=O)OC)OC(=O)C6=CC(OC)=C(OC)C(OC)=C6,1
CC[C@@]3([H])OC(=O)[C@@](C)([H])[C@@]([H])(O[C@@]1([H])C[C@@](C)(OC)[C@@](O)([H])[C@@](C)([H])O1)[C@@](C)([H])[C@@]([H])(O[C@@]2([H])O[C@@](C)([H])C[C@@]([H])(N(C)C)[C@@]2(O)[H])[C@@](C)(O)C[C@@](C)([H])CN(C)[C@@](C)([H])[C@@](O)([H])[C@@]3(C)O,1
OC(C(=O)O[C@@]1([H])C[C@@]2([H])CC[C@@]([H])(C1)[N+]23CCCC3)(C4=CC=CC=C4)C5=CC=CC=C5,1
CO/C1=C/C(=C(/OC)C=C1)[C@@](O)([H])CNC(=O)CN,1
COC=3C=C/N=C(/C[S](=O)C=2NC=1C=CC(=CC=1N=2)OC([F])([F])[H])C=3OC,1
CN(C)CCC[C@@]2(OCC=1C=C(C=CC=12)C#N)C3=C/C=C(/[F])C=C3,1
CN1CCC[C@@]1([H])C/C3=C/NC=2C=CC(=CC=23)CC[S](=O)(=O)C4=CC=CC=C4,1
OC(=O)[C@@]3([H])C/C(=C/C=[N+]2/C1=CC(O)=C(O)C=C1C[C@@]2([H])C([O-])=O)C=C(N3)C(O)=O,1
CO/C2=C1/N(/C=C(/C(O)=O)C(=O)C1=CC([F])=C2N4C[C@@]3([H])CCCN[C@@]3([H])C4)[C@@]5([H])CC5,1
C/C1=C(/C=C/C=C1/O)C(=O)N[C@@]([H])(C[S]/C2=C/C=CC=C2)[C@@](O)([H])CN4C[C@@]3([H])CCCC[C@@]3([H])C[C@@]4([H])C(=O)NC(C)(C)C,1
CC/C3=C(/C)CN(C(=O)NCC/C1=C/C=C(C=C1)[S](=O)(=O)NC(=O)N[C@@]2([H])CC[C@@](C)([H])CC2)C3=O,1
CC(C)(C)NC(=O)[C@@]1([H])CN(CCN1C[C@@](O)([H])C[C@@]([H])(C/C2=C/C=CC=C2)C(=O)N[C@@]4([H])C3=CC=CC=C3C[C@@]4(O)[H])C/C5=C/N=CC=C5,1
CC[C@@](C)([H])C(=O)O[C@@]2([H])C[C@@](C)([H])C=C3C=C[C@@](C)([H])[C@@]([H])(CC[C@@]1([H])C[C@@](O)([H])CC(=O)O1)[C@@]23[H],1
CC(C)([H])C[C@@]([H])(CN)CC(O)=O,1
CN3C(=O)[C@@](O)([H])N=C(/C1=C/C=CC=C1)C=2/C=C(/[Cl])C=CC=23,1
CN2[C@@]([H])(C[Cl])NC1=CC([Cl])=C(C=C1[S]2(=O)=O)[S](N)(=O)=O,1
N/C1=C/C(O)=C(C=C1)C(O)=O,1
CCO/C1=C/C=C/C=C1/O[C@@]([H])(C2=CC=CC=C2)[C@@]3([H])CNCCO3,1
CC=1C=CN=C3C=1NC(=O)C2=CC=CN=C2N3C4([H])CC4,1
CC(C)([H])CC1(CC=C)C(=O)NC(=O)NC1=O,1
CO/C1=C/C=C/C=C1/OC[C@@](O)([H])CN2CCN(CC2)CC(=O)N/C3=C(/C)C=C/C=C3/C,1
CN1[C@@]2([H])CC[C@@]1([H])C[C@@]([H])(C2)OC([H])(C3=CC=CC=C3)C4=CC=CC=C4,1
CC[C@@]([H])(CO)NC(=O)[C@@]2([H])CN(C)[C@@]1([H])CC3=CN(C)C4=CC=CC(C1=C2)=C34,1
CCNC(=O)N(CCCN(C)C)C(=O)[C@@]2([H])C[C@@]1([H])C=3C=CC=C4NC=C(C[C@@]1([H])N(CC=C)C2)C=34,1
N/C1=C/C=C(C=C1)[S](=O)(=O)C2=C/C=C(/N)C=C2,1
O=C1NC(=O)C(N1)(C2=CC=CC=C2)C3=CC=CC=C3,1
C[C@@]3([H])C=1C=C/C=C(/O)C=1C(=O)C4=C(O)[C@@]2(O)C(O)=C(C(=O)[C@@]([H])(N(C)C)[C@@]2([H])[C@@](O)([H])[C@@]34[H])C(N)=O,1
CCC(/C1=C/C=C(/O)C=C1)=C(CC)C2=C/C=C(/O)C=C2,1
CN(C)[C@@]3([H])C(=O)C(=C(O)[C@@]4(O)C(O)=C2C(=O)C1=C(O)C=CC([Cl])=C1[C@@](C)(O)[C@@]2([H])C[C@@]34[H])C(N)=O,1
CC([O-])=O.CC([O-])=O.[Ca++],1
N/C1=C/C=C(C=C1)[S](N)(=O)=O,1
N[C@@]1([H])CONC1=O,1
C/C2=N/OC(N[S](=O)(=O)C1=C/C=C(/N)C=C1)=C2C,1
COCC/C1=C/C=C(/OC[C@@](O)([H])CNC(C)(C)[H])C=C1,1
OC=2OC1=CC=CC=C1C(=O)C=2C/C4=C(/O)OC3=CC=CC=C3C4=O,1
CCCN(CCC)CCC=1C=CC=C2NC(=O)CC=12,1
CO/C1=C/C=C(C=C1)C([Cl])=C(/C2=C/C=C(/OC)C=C2)C3=C/C=C(/OC)C=C3,1
COC(O)=C1C(C)=NC(C)=C(C(=O)OC(C)(C)[H])[C@@]1([H])C2=CC=CC3=NON=C23,1
CC3(C)O[C@@]2([H])CO[C@@]1(CO[S](N)(=O)=O)OC(C)(C)O[C@@]1([H])[C@@]2([H])O3,1
CCC/C1=N/C(=C(N1C/C2=C/C=C(C=C2)C3=CC=C/C=C3/C=4N=NNN=4)C(=O)OCC=5OC(=O)OC=5C)C(C)(C)O,1
CN2C(=O)N(C)C=1NC=NC=1C2=O,1
N[C@@]([H])(C/C2=C/C([I])=C(O/C1=C/C([I])=C(O)C=C1)C([I])=C2)C(O)=O,1
CC(C)([H])N(CC[C@@](C(N)=O)(C1=CC=CC=C1)C2=CC=CC=N2)C(C)(C)[H],1
CN1CCC[C@@]1([H])CCO[C@@](C)(C2=CC=CC=C2)C3=C/C=C(/[Cl])C=C3,1
C[C@@]3([H])O[C@@]([H])(O[C@@]2([H])[C@@]([H])(CO)O[C@@]([H])(O[C@@]1([H])[C@@]([H])(CO)O[C@@](O)([H])[C@@](O)([H])[C@@]1(O)[H])[C@@](O)([H])[C@@]2(O)[H])[C@@](O)([H])[C@@](O)([H])[C@@]3([H])N[C@@]4([H])C=C(CO)[C@@](O)([H])[C@@](O)([H])[C@@]4(O)[H],1
CO/C1=C/C=C(C=C1)[C@@]([H])(CN(C)C)[C@@]2(O)CCCCC2,1
C[C@@]34CC[C@@]2([H])C=1C=CC(O[S]([O-])(=O)=O)=CC=1CC[C@@]2([H])[C@@]3([H])CCC4=O.[Na+],1
CNCC[C@@]([H])(O/C1=C/C=C/C=C1/C)C2=CC=CC=C2,1
CN3CC[C@@]12C=4C=5O[C@@]1([H])[C@@](O)([H])C=C[C@@]2([H])[C@@]3([H])CC=4C=CC=5O,1
C[C@@]([H])(CN1C=NC=2C(N)=NC=NC1=2)OC[P](O)(O)=O,1
NC[C@@]1([H])CC[C@@]([H])(CC1)C(O)=O,1
CC[C@@]34CC(=C)[C@@]1([H])[C@@]([H])(CCC2=CCCC[C@@]12[H])[C@@]3([H])CC[C@@]4(O)C#C,1
C/C1=C/C3=C(/C=C1/C(=C)C2=CC=C(C=C2)C(O)=O)C(C)(C)CCC3(C)C,1
N[S](=O)(=O)C=1C=C(C=CC=1[Cl])[C@@]2(O)NC(=O)C3=CC=CC=C23,1
CCO/C2=C/C=1[S]C(=NC=1C=C2)[S](N)(=O)=O,1
CN(C)CC/C2=C/NC=1C=CC(=CC=12)C[C@@]3([H])COC(=O)N3,1
COC=3C=C2N=C/N=C(/N/C1=C/C([Cl])=C([F])C=C1)C2=CC=3OCCCN4CCOCC4,1
COC=2C=CC=1C[C@@]4([H])N(C)CC[C@@]35C=1C=2O[C@@]3([H])[C@@](O)([H])C=C[C@@]45[H],1
C/C1=C/C=C(C=C1)C(=O)C2=C/C(=C(/O)C(O)=C2)[N+]([O-])=O,1
OC[C@@](O)([H])[C@@](O)([H])[C@@](O)([H])[C@@](O)([H])[C@@](O)([H])C([O-])=O.OC[C@@](O)([H])[C@@](O)([H])[C@@](O)([H])[C@@](O)([H])[C@@](O)([H])C([O-])=O.[Ca++],1
CN3CC[C@@]12C=4C=5O[C@@]1([H])C(=O)CC[C@@]2([H])[C@@]3([H])CC=4C=CC=5O,1
CO/C1=C/C3=C(C=C1)N(C(=O)C2=C/C=C(/[Cl])C=C2)C(C)=C3CC(O)=O,1
CC[C@@]([H])(CO)NCCN[C@@]([H])(CC)CO,1
CCC(=O)C(C[C@@](C)([H])N(C)C)(C1=CC=CC=C1)C2=CC=CC=C2,1
CN1CCN(CC1)C3=NC2=CC=CC=C2NC=4[S]C(C)=CC3=4,1
CC(C)([H])NC[C@@](O)([H])CO/C1=C/C=C(/CC(N)=O)C=C1,1
NC(=O)N/N=C/C1=C/C=C(O1)[N+]([O-])=O,1
CO/C2=C/C=1N=C(NC=1C=C2)[S](=O)C/C3=N/C=C(/C)C(OC)=C3C,1
OC(=O)COCCN1CCN(CC1)[C@@]([H])(C2=CC=CC=C2)C3=C/C=C(/[Cl])C=C3,1
CC(C)(C)C1=CC=C(C=C1)[C@@](O)([H])CCCN2CC[C@@]([H])(CC2)C(O)(C3=CC=CC=C3)C4=CC=CC=C4,1
CO/C1=C/C=C(C=C1)[C@@]3([H])[S]C2=CC=CC=C2N(CCN(C)C)C(=O)[C@@]3([H])OC(C)=O,1
COC=2C=C1N=C(/N=C(/N)C1=CC=2OC)N(C)CCCNC(=O)[C@@]3([H])CCCO3,1
[O-][N+](=O)C=1C=C(C=CC=1C(=O)C2([H])C(=O)CCCC2=O)C([F])([F])[F],1
[H]N/C1=N/C(=CC(=N)N1O)N2CCCCC2,1
CC(=O)[C@@]3(O)CC[C@@]4([H])[C@@]2([H])C=C(C)C1=CC(=O)CC[C@@]1(C)[C@@]2([H])CC[C@@]34C,1
N/C2=N/C([S])=C1NC=NC1=N2,1
CC[C@@]([H])(CO)NC(=O)[C@@]2([H])CN(C)[C@@]1([H])CC3=CNC4=CC=CC(C1=C2)=C34,1
CC[C@@]1(CCC(=O)NC1=O)C2=C/C=C(/N)C=C2,1
O[C@@]([H])(C1=CC(=NC2=C1C=C/C=C2/C([F])([F])[F])C([F])([F])[F])[C@@]3([H])CCCCN3,1
O[S](=O)(=O)OC[C@@]2([H])O[C@@]([H])(O[C@@]1(CO[S](O)(=O)=O)O[C@@]([H])(O[S](O)(=O)=O)[C@@]([H])(O[S](O)(=O)=O)[C@@]1([H])O[S](O)(=O)=O)[C@@]([H])(O[S](O)(=O)=O)[C@@]([H])(O[S](O)(=O)=O)[C@@]2([H])O[S](O)(=O)=O.O.O.O.O.O.O.O.O.O.O.O.O.O.O.O.O.O.O.O.O.[Al].[Al].[Al].[Al].[Al].[Al].[Al].[Al].[Al],1
C[C@@]1([H])CN(CCN1)C=2C=C3/C(=C(/C)C=2[F])C(=O)C(=CN3[C@@]4([H])CC4)C(O)=O,1
CN(C)CCO[C@@](C)(C1=CC=CC=C1)C2=CC=CC=N2,1
CC[C@@]34CC[C@@]1([H])[C@@]([H])(CCC2=CC(=O)CC[C@@]12[H])[C@@]3([H])CC[C@@]4(O)C#C,1
NC[C@@](O)([H])C1=CC(O)=C(O)C=C1,1
CN4CCN3C=1N=CC=CC=1CC2=CC=CC=C2[C@@]3([H])C4,1
CCCC(C)(COC(N)=O)COC(N)=O,1
CC[S]/C4=C/C2=C([S]C1=CC=CC=C1N2CCCN3CCN(C)CC3)C=C4,1
CC(C)(C)NC[C@@](O)([H])CO/C1=N/[S]/N=C1/N2CCOCC2,1
[Cl]C[C@@]1([H])CO1.NCCNCCNCCNCCN,1
O[C@@](CCN1CCCCC1)(C2=CC=CC=C2)[C@@]3([H])CCCCC3,1
CC(=O)[C@@]3([H])CC[C@@]4([H])[C@@]2([H])C=CC1=CC(=O)CC[C@@]1(C)[C@@]2([H])CC[C@@]34C,1
C[C@@](N)([H])CO/C1=C(/C)C=C/C=C1/C,1
CCOC(O)=C1C(COCCN)=NC(C)=C(C(=O)OC)[C@@]1([H])C2=CC=C/C=C2/[Cl],1
N/C3=N/C(N)=C2/N=C(/C1=C/C=CC=C1)C(N)=NC2=N3,1
O[C@@](CCN1CCCC1)(C2=CC=CC=C2)[C@@]3([H])CCCCC3,1
CNC[C@@](O)([H])C1=CC(O)=CC=C1,1
C[C@@]1([H])O[C@@]([H])(C[C@@](O)([H])[C@@]1(O)[H])O[C@@]2([H])[C@@](O)([H])C[C@@]([H])(O[C@@]2(C)[H])O[C@@]8([H])[C@@](O)([H])C[C@@]([H])(O[C@@]7([H])CC[C@@]3(C)[C@@]([H])(CC[C@@]4([H])[C@@]3([H])C[C@@](O)([H])[C@@]5(C)[C@@]([H])(CC[C@@]45O)C6=CC(=O)OC6)C7)O[C@@]8(C)[H],1
CCN1CCC[C@@]1([H])CNC(=O)C=2C=C(C=CC=2OC)[S](N)(=O)=O,1
CCN(CC)[C@@](C)([H])CN2C1=CC=CC=C1[S]C3=CC=CC=C23,1
COCCOC(O)=C1C(C)=NC(C)=C(C(=O)OC(C)(C)[H])[C@@]1([H])C2=CC(=CC=C2)[N+]([O-])=O,1
CCC[C@@](C)(COC(N)=O)COC(=O)NC(C)(C)[H],1
CC(=O)[C@@]3([H])CC[C@@]4([H])[C@@]2([H])CCC1=CC(=O)CC[C@@]1(C)[C@@]2([H])CC[C@@]34C,1
CNC(=O)C3=NC=CC(O/C2=C/C=C(/NC(=O)N/C1=C/C(=C(/[Cl])C=C1)C([F])([F])[F])C=C2)=C3,1
CO/C2=C/C(OC)=C([Cl])C=1O[C@@]3(C(=O)C=12)C(=CC(=O)C[C@@]3(C)[H])OC,1
COC(O)=C1C(C)=NC(C)=C(C(=O)OCC(C)(C)[H])[C@@]1([H])C2=CC=C/C=C2/[N+]([O-])=O,1
CN1CCN(CC1)C(=O)O[C@@]2([H])N(C(=O)C3=NC=CN=C23)C4=N/C=C(/[Cl])C=C4,1
CN1CCN(CC1)C4=NC2=CC=CC=C2OC=3C=CC([Cl])=CC=34,1
C[N+](C)(C)CCOC(N)=O,1
CN(CCO/C2=C/C=C(/C[C@@]1([H])[S]C(=O)NC1=O)C=C2)C3=CC=CC=N3,1
CCCN[C@@]2([H])CCC=1/N=C(/N)[S]C=1C2,1
CC3(C)[S][C@@]1([H])N(C(=O)[C@@]1([H])NC(=O)[C@@](N)([H])C2=CC=CC=C2)[C@@]3([H])C(O)=O,1
CC3(C)[S][C@@]1([H])N(C(=O)[C@@]1([H])NC(=O)CO/C2=C/C=CC=C2)[C@@]3([H])C(O)=O,1
CCCCN1C[C@@](O)([H])[C@@](O)([H])[C@@](O)([H])[C@@]1([H])CO,1
CC(=O)[S][C@@]4([H])CC1=CC(=O)CC[C@@]1(C)[C@@]5([H])CC[C@@]2(C)[C@@]([H])(CC[C@@]23CCC(=O)O3)[C@@]45[H],1
COC(=O)[C@@]([H])(C1=CC=CC=C1)[C@@]2([H])CCCCN2,1
CO/C1=C/C=C/C=C1/OC[C@@](O)([H])COC(N)=O,1
CN1[C@@]2([H])CC[C@@]1([H])C[C@@]([H])(C2)OC(=O)[C@@]([H])(CO)C3=CC=CC=C3,1
CN(C)C(=O)C/C1=C(/N=C2C=CC(C)=CN12)C3=C/C=C(/C)C=C3,1
CN4CCN(CCCN3C1=CC=CC=C1[S]C=2C=CC([Cl])=CC=23)CC4,1
COC/C2=C(/C1=C/C=C(/[F])C=C1)C(/C=C/[C@@](O)([H])C[C@@](O)([H])CC(O)=O)=C(/N=C2/C(C)(C)[H])C(C)(C)[H],1
N/C2=N/C(O)=C1N=CN(C1=N2)[C@@]3([H])C[C@@](O)([H])[C@@]([H])(CO)C3=C,1
N[C@@]([H])(C(=O)N[C@@]1([H])C(=O)N2/C(=C(/[Cl])CC[C@@]12[H])C(O)=O)C3=CC=CC=C3,1
C/C1=C(/OCC([F])([F])[F])C=C/N=C1/C[S](=O)C3=NC2=CC=CC=C2N3,1
N[C@@]([H])(C/C2=C/C([I])=C(O/C1=C/C([I])=C(O)C([I])=C1)C([I])=C2)C(O)=O,1
COC=2C=C1N=C(/N=C(/N)C1=CC=2OC)N3CCN(CC3)C(=O)C4=CC=CO4,1
COC=1/C=C(/C)C(/C=C/C(C)=C/C=C/C(C)=CC(O)=O)=C(C)C=1C,1
OC(=O)[C@@]1([H])CCN2C1=C/C=C2/C(=O)C3=CC=CC=C3,1
CC(=C)[C@@]1([H])[C@@]3([H])OC(=O)[C@@]1([H])[C@@]4(O)C[C@@]2([H])O[C@@]25C(=O)O[C@@]3([H])[C@@]45C.CC(C)(O)[C@@]1([H])[C@@]3([H])OC(=O)[C@@]1([H])[C@@]4(O)C[C@@]2([H])O[C@@]25C(=O)O[C@@]3([H])[C@@]45C,1
CCN1/C=C(/C(O)=O)C(=O)C2=CC([F])=C(N=C12)N3CCNCC3,1
CO/C2=C/C1=C(C=CN=C1C=C2)[C@@](O)([H])[C@@]3([H])C[C@@]4([H])CCN3C[C@@]4([H])C=C,1
CN2/C(=C(/O)C=1[S]C=CC=1[S]2(=O)=O)C(=O)N/C3=C/C=CC=N3,1
CCCCC/C3=C/C(O)=C1C(OC(C)(C)[C@@]2([H])CCC(C)=C[C@@]12[H])=C3,1
CC(C)(O)C1=CC=C/C=C1/CC[C@@]([H])([S]C[C@@]2(CC2)CC(O)=O)C5=CC=CC(/C=C/C4=N/C=3/C=C(/[Cl])C=CC=3C=C4)=C5,1
CNCC[C@@]([H])(O/C1=C/C=C(C=C1)C([F])([F])[F])C2=CC=CC=C2,1
C/N=C3/CN(O)C(/C1=C/C=CC=C1)=C2/C=C(/[Cl])C=CC2=N3,1
CNCC[C@@]([H])(O/C1=C/C=CC2=CC=CC=C12)C3=CC=C[S]3,1
C[C@@](N)([H])[C@@]23CC1([H])C[C@@]([H])(C[C@@]([H])(C1)C2)C3,1
O/C1=C/C=C(C=C1)C=3[S]C=2/C=C(/O)C=CC=2C=3C(=O)C5=C/C=C(/OCCN4CCCCC4)C=C5,1
C/C1=C/C=C(C=C1)C2=CC(=NN2/C3=C/C=C(C=C3)[S](N)(=O)=O)C([F])([F])[F],1
CC=1ON=C(C=1C(=O)N[C@@]2([H])C(=O)N3[C@@]2([H])[S]C(C)(C)[C@@]3([H])C(O)=O)C4=C([Cl])C=C/C=C4/[Cl],1
CCCCCCC(C)(C)C3=CC(O)=C1C(OC(C)(C)[C@@]2([H])CCC(=O)C[C@@]12[H])=C3,1
CC(C)([H])NC[C@@](O)([H])C1=C/C=C(/N[S](C)(=O)=O)C=C1,1
OCCN1C[C@@](O)([H])[C@@](O)([H])[C@@](O)([H])[C@@]1([H])CO,1
CCC(=O)O[C@@]([H])(O[P@@](=O)(CCCC/C1=C/C=CC=C1)CC(=O)N2C[C@@]([H])(C[C@@]2([H])C(O)=O)[C@@]3([H])CCCCC3)C(C)(C)[H],1
CCN(CC)C(=O)C(C#N)=C/C1=C/C(=C(/O)C(O)=C1)[N+]([O-])=O,1
C/C1=C/N(C(=O)NC1=O)[C@@]2([H])C[C@@]([H])(N=[N+]=[N-])[C@@]([H])(CO)O2,1
NC(=O)C(/C1=C/C=CC=C1)(C2=CC=CC=C2)[C@@]5([H])CCN(CC/C4=C/C=3CCOC=3C=C4)C5,1
COC=2C=CC=1C[C@@]4([H])N(C)CC[C@@]35C=1C=2O[C@@]3([H])C(=O)CC[C@@]45O,1
C/N=C(/NCC[S]CC=1NC=NC=1C)NC#N,1
O[C@@]2(CCN(CCCC(=O)C1=C/C=C(/[F])C=C1)CC2)C3=C/C=C(/[Cl])C=C3,1
CC(C)([H])[C@@]([H])(NC(=O)N(C)C/C1=C/[S]C(=N1)C(C)(C)[H])C(=O)N[C@@]([H])(C[C@@](O)([H])[C@@]([H])(C/C2=C/C=CC=C2)NC(=O)OC/C3=C/N=C[S]3)C/C4=C/C=CC=C4,1
CC(=O)O/C1=C/C=C/C=C1/C(=O)N/C2=N/C=C([S]2)[N+]([O-])=O,1
CCCC([H])(CCC)C(O)=O.CCCC([H])(CCC)C([O-])=O.[Na+],1
CN[C@@]([H])(CC(C)(C)[H])C(=O)N[C@@]2([H])C(=O)N[C@@]([H])(CC(N)=O)C(=O)N[C@@]7([H])C=5C=C(OC=1C=CC(=CC=1[Cl])[C@@]2(O)[H])C(O[C@@]3([H])O[C@@]([H])(CO)[C@@](O)([H])[C@@](O)([H])[C@@]3([H])O[C@@]4([H])C[C@@](C)(N)[C@@](O)([H])[C@@](C)([H])O4)=C(C=5)OC=6C=CC(=CC=6[Cl])[C@@](O)([H])[C@@]%10([H])NC(=O)[C@@]([H])(NC7=O)C8=C/C(=C(/O)C=C8)C9=C(/C=C(/O)C=C9O)[C@@]([H])(NC%10=O)C(O)=O,1
NCCCCCC(O)=O,1
CO/C4=C/C1=C(C[C@@]2([H])N(C)CC[C@@]13CCCC[C@@]23[H])C=C4,1
CCC[S]/C2=C/C=1N=C(NC=1C=C2)NC(=O)OC,1
CCOC(=O)[C@@]([H])(CC/C1=C/C=CC=C1)N[C@@](C)([H])C(=O)N3[C@@]2([H])CCCC[C@@]2([H])C[C@@]3([H])C(O)=O,1
CC(/C=C/C1=C(/C)CCCC1(C)C)=C/C=C/C(C)=CC(O)=O,1
C[C@@]2([H])NC1=CC([Cl])=C(C=C1C(=O)N2/C3=C/C=C/C=C3/C)[S](N)(=O)=O,1
COCCOC=3C=C2N=C/N=C(/N/C1=C/C=CC(=C1)C#C)C2=CC=3OCCOC,1
[Cl]CCN(CC[Cl])[P@@]1(=O)NCCCO1,1
C[S](=O)(=O)C1=CC=C(C=C1)C=2COC(=O)C=2/C3=C/C=CC=C3,1
N/C1=N/C(=C[S]1)C(=NO)C(=O)N[C@@]2([H])C(=O)N3C(=C(C[S][C@@]23[H])C=C)C(O)=O,1
OC(=O)C3=CN(C2=CC(N1CCNCC1)=C([F])C=C2C3=O)C4([H])CC4,1
CN(C)CCO/C1=C/C=C(C=C1)C(/C2=C/C=CC=C2)=C(CC[Cl])C3=CC=CC=C3,1
CCOC(=O)[C@@]([H])(CC/C1=C/C=CC=C1)N[C@@]3([H])CCC2=CC=CC=C2N(CC(O)=O)C3=O,1
CN(C)C(=O)O/C1=C/[N+](C)=CC=C1,1
COC=1C=C(C=CC=1C/C3=C/N(C)C=2C=CC(=CC=23)NC(=O)OC4([H])CCCC4)C(=O)N[S](=O)(=O)C5=CC=C/C=C5/C,1
CO/C3=C1/OC(=O)C=CC1=CC=2C=COC=23,1
OCCOCCN1CCN(CC1)[C@@]([H])(C2=CC=CC=C2)C3=C/C=C(/[Cl])C=C3,1
CO/C1=C/C=C/C=C1/OC=3C(N[S](=O)(=O)C2=CC=C(C=C2)C(C)(C)C)=NC(=NC=3OCCO)C4=NC=CC=N4,1
CN(CC=2C=NC1=NC(N)=NC(N)=C1N=2)C3=CC=C(C=C3)C(=O)N[C@@]([H])(CCC(O)=O)C(O)=O,1
OC(=O)[C@@]([S])([H])[C@@]([S])([H])C(O)=O,1
CC=1C[S][C@@]2([H])N(C=1C(O)=O)C(=O)[C@@]2([H])NC(=O)[C@@](N)([H])C3=CC=CC=C3,1
CC(C)([H])NC[C@@](O)([H])CO/C1=C/C=CC2=CC=CC=C12,1
CN1[C@@]2([H])CC[C@@]1([H])C[C@@]([H])(C2)OC(=O)[C@@]([H])(CO)C3=CC=CC=C3,1
C[C@@]([H])(C(O)=O)C2=CC(O/C1=C/C=CC=C1)=CC=C2,1
CCN[C@@](C)([H])C/C1=C/C(=CC=C1)C([F])([F])[F],1
CC(C)([H])[C@@](N)([H])C(=O)OCCOCN1C=NC=2C1=NC(N)=NC=2O,1
CC3(C)[S][C@@]1([H])N(C(=O)[C@@]1([H])NC(=O)[C@@]([H])(C(O)=O)C2=CC=CC=C2)[C@@]3([H])C(O)=O,1
CC=1ON=C(C=1/C2=C/C=C(C=C2)[S](N)(=O)=O)C3=CC=CC=C3,1
OC[C@@]2([H])O[C@@]([H])(O[C@@]1([H])[C@@]([H])(CO)O[C@@](O)(CO)[C@@]1(O)[H])[C@@](O)([H])[C@@](O)([H])[C@@]2(O)[H],1
C[C@@]([H])(C1=NC=N/C=C1/[F])[C@@](O)(CN2C=NC=N2)C=3C=CC([F])=CC=3[F],1
C[N+](C)(C)C[C@@](O)([H])CC([O-])=O,1
CCOC(=O)[C@@]([H])(CC/C1=C/C=CC=C1)N[C@@](C)([H])C(=O)N2CCC[C@@]2([H])C(O)=O,1
CNC(NCC[S]C/C1=C/[S]C(CN(C)C)=N1)=C[N+]([O-])=O,1
OC(=O)C/C1=C/C=C/C=C1/N/C2=C(/[Cl])C=C/C=C2/[Cl],1
COC=2C=C1N=C(/N=C(/N)C1=CC=2OC)N3CCN(CC3)C(=O)[C@@]5([H])COC4=CC=CC=C4O5,1
C1CNCCN1,1
CC[C@@]1(C)CC(=O)NC1=O,1
N=C(N)NC(=O)C1=NC([Cl])=C(N)N=C1N,1
C[C@@]([H])(CC/C1=C/C=CC=C1)NC[C@@](O)([H])C2=CC(C(N)=O)=C(O)C=C2,1
CC(=O)NC[C@@]1([H])CN(C(=O)O1)C2=CC([F])=C(C=C2)N3CCOCC3,1
CO[C@@]1([H])C[C@@]([H])(O[C@@](C)([H])[C@@]1(O)[H])O[C@@]2([H])[C@@](C)([H])O[C@@]([H])(C[C@@]2([H])OC)O[C@@]3([H])C(C)=CC[C@@]6([H])C[C@@]([H])(OC(=O)[C@@]4([H])C=C(C)[C@@](O)([H])[C@@]5([H])OCC(=CC=C[C@@]3(C)[H])[C@@]45O)C[C@@]7(O6)CC[C@@](C)([H])[C@@]([H])(O7)C(C)(C)[H].CC[C@@](C)([H])[C@@]1([H])O[C@@]7(CC[C@@]1(C)[H])C[C@@]4([H])C[C@@]([H])(C/C=C(/C)[C@@]([H])(O[C@@]3([H])C[C@@]([H])(OC)[C@@]([H])(O[C@@]2([H])C[C@@]([H])(OC)[C@@](O)([H])[C@@](C)([H])O2)[C@@](C)([H])O3)[C@@](C)([H])C=CC=C5CO[C@@]6([H])[C@@](O)([H])C(C)=C[C@@]([H])(C(=O)O4)[C@@]56O)O7,1
C[C@@]3([H])C[C@@]1([H])[C@@]([H])(CC[C@@]2(C)[C@@]1([H])CC[C@@]2(O)C(C)=O)[C@@]4(C)CCC(=O)C=C34,1
CO[C@@]2([H])CN(CCCO/C1=C/C=C(/[F])C=C1)CC[C@@]2([H])NC(=O)C3=CC([Cl])=C(N)C=C3OC,1
C/C2=C(/CC(O)=O)C=1/C=C(/[F])C=CC=1/C2=C/C3=C/C=C(C=C3)[S](C)=O,1
CCOC=2C=CC1=CC=CC=C1C=2C(=O)N[C@@]3([H])C(=O)N4[C@@]3([H])[S]C(C)(C)[C@@]4([H])C(O)=O,1
CCN(CC)CCC[C@@](C)([H])NC=1C=CN=C2/C=C(/[Cl])C=CC=12,1
CC(C)([H])NC[C@@](O)([H])CO/C1=C/C=C(/COCCOC(C)(C)[H])C=C1,1
[O-][N+](=O)C1=CC=C(O1)C=NN2CCOC2=O,1
CO[C@@]2([H])C=CO[C@@]1(C)OC6=C(C1=O)C4=C(C(O)=C(NC(=O)C(C)=CC=C[C@@](C)([H])[C@@](O)([H])[C@@](C)([H])[C@@](O)([H])[C@@](C)([H])[C@@]([H])(OC(C)=O)[C@@]2(C)[H])C5=N[C@@]3(CCN(CC3)CC(C)(C)[H])N=C45)C(O)=C6C,1
CN(C)[C@@]3([H])C(=O)C(=C(O)[C@@]4(O)C(=O)C2=C(O)C=1/C(=C(/[Cl])C=CC=1O)[C@@](O)([H])[C@@]2([H])C[C@@]34[H])C(N)=O,1
C[C@@]3(O)CC[C@@]4([H])[C@@]2([H])CC[C@@]1([H])CC(=O)OC[C@@]1(C)[C@@]2([H])CC[C@@]34C,1
COC(O)=C2C(C)=NC(C)=C(C(=O)OCCN(C)C/C1=C/C=CC=C1)[C@@]2([H])C3=CC(=CC=C3)[N+]([O-])=O,1
OCCN4CCN(CCCN3C1=CC=CC=C1[S]C=2C=CC(=CC=23)C([F])([F])[F])CC4,1
C[C@@]34CC[C@@]1([H])[C@@]([H])(CCC2=CC(=O)CC[C@@]12C)[C@@]3([H])CC[C@@]4(O)[H],1
[F]C([F])([F])[C@@]2(OC(=O)NC=1C=CC([Cl])=CC=12)C#C[C@@]3([H])CC3,1
OC(=O)[C@@]3([H])N=C(/C1=C/C=CC=C1)C=2/C=C(/[Cl])C=CC=2NC3=O,1
C[C@@]34CC(=O)[C@@]1([H])[C@@]([H])(CCC2=CC(=O)C=C[C@@]12C)[C@@]3([H])CC[C@@]4(O)C(=O)CO,1
CCC(C)(C)C(=O)O[C@@]2([H])C[C@@](C)([H])C=C3C=C[C@@](C)([H])[C@@]([H])(CC[C@@]1([H])C[C@@](O)([H])CC(=O)O1)[C@@]23[H],1
CCCCO/C1=C/C=C(C=C1)C(=O)CCN2CCCCC2,1
C[C@@]2([H])OC(=O)C[C@@](O)([H])C[C@@](O)([H])C[C@@](O)([H])CC[C@@](O)([H])[C@@](O)([H])CC(=O)C[C@@](O)([H])[C@@]([H])(C(O)=O)[C@@](O)([H])C[C@@]([H])(O[C@@]1([H])O[C@@](C)([H])[C@@](O)([H])[C@@](N)([H])[C@@]1(O)[H])C=CC=CC=CC=CCCC=CC=C[C@@](C)([H])[C@@](O)([H])[C@@]2(C)[H],1
CCC(=O)O[C@@](C/C1=C/C=CC=C1)(C2=CC=CC=C2)[C@@](C)([H])CN(C)C,1
[Cl]C([Cl])([H])[C@@]([H])(C1=C/C=C(/[Cl])C=C1)C2=CC=C/C=C2/[Cl],1
C/C1=C/N(C(=O)NC1=O)[C@@]2([H])O[C@@]([H])(CO)C=C2,1
N/C3=N/C(O)=C2C(NC[C@@]([H])(CN/C1=C/C=C(C=C1)C(=O)N[C@@]([H])(CCC(O)=O)C(O)=O)N2C=O)=N3,1
CN2C(=O)N(C)C=1N=CN(C[C@@](O)([H])CO)C=1C2=O,1
C[C@@]2([H])[C@@]3([H])CC=1C=CC(O)=CC=1[C@@]2(C)CCN3C/C=C(/C)C,1
[O-][S]([O-])(=O)=O.O.O.O.O.O.O.O.[Mg++],1
C[C@@]34CC[C@@]2([H])C=1C=CC(O)=CC=1CC[C@@]2([H])[C@@]3([H])CCC4=O,1
CN[C@@]2(C)[C@@]1([H])CC[C@@]([H])(C1)C2(C)C,1
NCC=C.[Cl]C[C@@]1([H])CO1,1
C/C2=C/C(OC[C@@]1([H])CNC(=O)O1)=CC(C)=C2,1
COC=1C=CC(=CC=1OC)CCN(C)CCC[C@@](C#N)(C2=CC(OC)=C(OC)C=C2)C(C)(C)[H],1
CO/C1=C/C(=CC(OC)=C1OC)C(=O)NC/C2=C/C=C(/OCCN(C)C)C=C2,1
CNC[C@@](O)([H])C1=CC(O)=C(O)C=C1,1
N/C1=N/C(=C[S]1)C(=NOCC(O)=O)C(=O)N[C@@]2([H])C(=O)N3C(=C(C[S][C@@]23[H])C=C)C(O)=O,1
C[C@@]([H])(O[C@@]2([H])OCCN(CC=1/N=C(/O)NN=1)[C@@]2([H])C3=C/C=C(/[F])C=C3)C4=CC(=CC(=C4)C([F])([F])[F])C([F])([F])[F],1
COC=2C=CC=3CN(C)CC[C@@]14C=C[C@@](O)([H])C[C@@]1([H])OC=2C=34,1
CCC(/C1=C/C=CC=C1)=C(/C2=C/C=CC=C2)C3=C/C=C(/OCCN(C)C)C=C3,1
C[S]/C4=C/C2=C([S]C1=CC=CC=C1N2CC[C@@]3([H])CCCCN3C)C=C4,1
CC(=O)C[C@@]([H])(C1=CC=CC=C1)C3=C(O)OC2=CC=CC=C2C3=O,1
N[C@@]1([H])[C@@]2([H])CN(C[C@@]12[H])C=3N=C4C(=CC=3[F])C(=O)C(=CN4C=5C=CC([F])=CC=5[F])C(O)=O,1
O[C@@]2([H])CO[C@@]([H])(O[C@@]1([H])CO[C@@](O)([H])[C@@]([H])(O[S](O)(=O)=O)[C@@]1([H])O[S](O)(=O)=O)[C@@]([H])(O[S](O)(=O)=O)[C@@]2([H])O[S](O)(=O)=O,1
C[C@@]34C[C@@](O)([H])[C@@]1([F])[C@@]([H])(CCC2=CC(=O)CC[C@@]12C)[C@@]3([H])CC[C@@]4(O)C(=O)CO,1
CO/C3=C(/C/C=C(/C)CCC(=O)OCCN1CCOCC1)C(O)=C2C(=O)OC/C2=C3/C,1
CCOC(=O)[C@@]([H])(CC/C1=C/C=CC=C1)N[C@@](C)([H])C(=O)N3CC2=CC(OC)=C(OC)C=C2C[C@@]3([H])C(O)=O,1
C/C1=C/C=C(C=C1)N(C/C2=N/CCN2)C3=CC(O)=CC=C3,1
N[S](=O)(=O)C=1C=C(C(=CC=1[Cl])NC/C2=C/C=CO2)C(O)=O,1
[Cl]C=2C=CC1=N[S]N=C1C=2N/C3=N/CCN3,1
[O-][N+](=O)C1=CC=C(O1)C=NN2CC(=O)NC2=O,1
COC(=O)[C@@]5([H])CC1=CC(=O)CC[C@@]1(C)[C@@]26O[C@@]2([H])C[C@@]3(C)[C@@]([H])(CC[C@@]34CCC(=O)O4)[C@@]56[H],1
CC(C)([H])CN(C[C@@](O)([H])[C@@]([H])(C/C1=C/C=CC=C1)NC(=O)O[C@@]2([H])CCOC2)[S](=O)(=O)C3=C/C=C(/N)C=C3,1
CN1N=C([S]/C1=N/C(C)=O)[S](N)(=O)=O,1
OC=2C=CC=1C[C@@]4([H])N(CC[C@@]35C=1C=2O[C@@]3([H])C(=O)CC[C@@]45O)C[C@@]6([H])CC6,1
CC(C)([H])N/C1=C/C=C/N=C1/N2CCN(CC2)C(=O)C4=CC=3C=C(C=CC=3N4)N[S](C)(=O)=O,1
CCO/C1=C/C=C/C=C1/OCCN[C@@](C)([H])C/C2=C/C(=C(/OC)C=C2)[S](N)(=O)=O,1
N/C1=N/C(=O)N(C=C1)[C@@]2([H])C[S][C@@]([H])(CO)O2,1
CCCCCN(C)CCC(O)([P](O)(O)=O)[P](O)(O)=O,1
C[C@@]([H])(C(O)=O)C1=CC([F])=C(C=C1)C2=CC=CC=C2,1
CC=1ON=C(C=1C(=O)N[C@@]2([H])C(=O)N3[C@@]2([H])[S]C(C)(C)[C@@]3([H])C(O)=O)C4=CC=CC=C4,1
[F]/C1=C/C=C(C=C1)[C@@]2([H])CCNC[C@@]2([H])CO/C4=C/C=3OCOC=3C=C4,1
C[C@@]34CC[C@@]1([H])[C@@]([H])(CCC2=CC(=O)CC[C@@]12[H])[C@@]3([H])CC[C@@]4(O)C#C,1
CC(C)(C)C(=O)OCO[P](=O)(COCCN1C=NC=2C(N)=NC=NC1=2)OCOC(=O)C(C)(C)C,1
CCN(CC)CCOC(=O)C1=C/C=C(/N)C=C1,1
NCCCC[C@@]([H])(N[C@@]([H])(CC/C1=C/C=CC=C1)C(O)=O)C(=O)N2CCC[C@@]2([H])C(O)=O,1
C[C@@]([H])(CN(C)C)CN2C1=CC=CC=C1CCC3=CC=CC=C23,1
[O-][N+](=O)OCC([H])(CO[N+]([O-])=O)O[N+]([O-])=O,1
CC(C)([H])[C@@]1([H])CC[C@@]([H])(CC1)C(=O)N[C@@]([H])(C/C2=C/C=CC=C2)C(O)=O,1
C/C4=C/C(CN1CCN(CC1)[C@@]([H])(C2=CC=CC=C2)C3=C/C=C(/[Cl])C=C3)=CC=C4,1
C[C@@]13CCC(=O)C=C1CC[C@@]4([H])[C@@]2([H])CC[C@@](O)(C(=O)CO)[C@@]2(C)C[C@@](O)([H])[C@@]34[H],1
C[C@@]([H])(N(O)C(N)=O)C2=CC1=CC=CC=C1[S]2,1
NC(=O)C[S](=O)C([H])(C1=CC=CC=C1)C2=CC=CC=C2,1
CN1[C@@]2([H])C[C@@]([H])(C[C@@]1([H])[C@@]3([H])O[C@@]23[H])OC(=O)[C@@]([H])(CO)C4=CC=CC=C4,1
CN(C)CCO[C@@]([H])(C1=C/C=C(/[Cl])C=C1)C2=CC=CC=N2,1
CCC=1C=CC=C2C=1NC3=C2CCO[C@@]3(CC)CC(O)=O,1
N[C@@]1([H])C[C@@]1([H])C2=CC=CC=C2,1
CCN1C(=O)N[C@@]([H])(C1=O)C2=CC=CC=C2,1
O=C2CN1[C@@]3([H])C[C@@]([H])(C[C@@]1([H])C[C@@]2([H])C3)OC(=O)C4=CNC5=CC=CC=C45,1
COC(=O)[C@@]([H])(N2CCC=1[S]C=CC=1C2)C3=CC=C/C=C3/[Cl],1
CN(C)[C@@]3([H])C(=O)C(=C(O)[C@@]4(O)C(O)=C2C(=O)C1=C(C=C/C=C1/O)[C@@](C)(O)[C@@]2([H])C[C@@]34[H])C(N)=O,1
[Cl-].[K+],1
C[C@@](N)(C/C1=C/C=C(/O)C=C1)C(O)=O,1
CO/C1=C/C(=CC(OC)=C1O)[C@@]6([H])C3=CC=2OCOC=2C=C3[C@@]([H])(O[C@@]5([H])O[C@@]4([H])CO[C@@](C)([H])O[C@@]4([H])[C@@](O)([H])[C@@]5(O)[H])[C@@]7([H])COC(=O)[C@@]67[H],1
NC(=O)N2C1=CC=CC=C1CC(=O)C3=CC=CC=C23,1
CCN2/C=C(/C(O)=O)C(=O)C=1C=CC(C)=NC=12,1
NNCC/C1=C/C=CC=C1,1
C[C@@]34CC[C@@]2([H])C=1C=CC(O)=CC=1CC[C@@]2([H])[C@@]3([H])CC[C@@]4(O)[H],1
N/C2=N/C(O)=C1N=CN(COCCO)C1=N2,1
CO/C2=C/C=1C=CC(=CC=1C=C2)[C@@](C)([H])C(O)=O,1
CCC[C@@]([H])(N[C@@](C)([H])C(=O)N2[C@@]1([H])CCCC[C@@]1([H])C[C@@]2([H])C(O)=O)C(=O)OCC,1
CCO/C2=N/C1=CC=CC(C(O)=O)=C1N2C/C3=C/C=C(C=C3)C4=CC=C/C=C4/C=5N=NNN=5,1
[F]C([F])([F])CN3C(=O)C/N=C(/C1=C/C=CC=C1)C=2/C=C(/[Cl])C=CC=23,1
C[C@@]2([H])CC1=CC=CC=C1N2NC(=O)C3=C/C(=C(/[Cl])C=C3)[S](N)(=O)=O,1
O[C@@](CCN1CCCCC1)(C2=CC=CC=C2)[C@@]3([H])C[C@@]4([H])C[C@@]3([H])C=C4,1
CCCCC1([H])C(=O)N(N(C1=O)C2=CC=CC=C2)C3=CC=CC=C3,1
CC(C)([H])NC[C@@](O)([H])C1=CC(O)=CC(O)=C1,1
CN6CC(=O)N3[C@@]([H])(CC1=C(NC2=CC=CC=C12)[C@@]3([H])C5=CC=4OCOC=4C=C5)C6=O,1
C[C@@]([H])(C(O)=O)C3=CC=2NC=1C=CC([Cl])=CC=1C=2C=C3,1
CC(=O)O[C@@]4([H])CC[C@@]1([H])C(CC[C@@]2([H])[C@@]1([H])CC[C@@]3(C)[C@@]2([H])CC[C@@]3(OC(C)=O)C#C)=C4,1
CC(C)([H])[C@@]1([H])CC[C@@](C)([H])C[C@@]1(O)[H],1
C[C@@]1([H])O[C@@]1([H])[P](O)(O)=O,1
N[C@@]([H])(C(=O)N[C@@]1([H])C(=O)N2/C(=C(/[Cl])C[S][C@@]12[H])C(O)=O)C3=CC=CC=C3,1
CC#C[C@@]3(O)CC[C@@]4([H])[C@@]2([H])CCC1=CC(=O)CCC1=C2[C@@]([H])(C[C@@]34C)C5=CC=C(C=C5)N(C)C,1
CN(C)C(=O)C(CCN1CCC(O)(CC1)C2=C/C=C(/[Cl])C=C2)(C3=CC=CC=C3)C4=CC=CC=C4,1
C/C1=C/C=C(C=C1)[S](=O)(=O)NC(=O)NN2CCCCCC2,1
O[C@@]3([H])N=C(/C1=C/C=CC=C1)C=2/C=C(/[Cl])C=CC=2NC3=O,1
COC=4C=C3C[C@@]([H])(C[C@@]1([H])CCN(CC1)C/C2=C/C=CC=C2)C(=O)C3=CC=4OC,1
CC(C)([H])N=C4C=C3N(/C1=C/C=C(/[Cl])C=C1)C2=CC=CC=C2N=C3/C=C4/N/C5=C/C=C(/[Cl])C=C5,1
[H][C@@]2(CN1CC[S]C1=N2)C3=CC=CC=C3,1
CC[C@@]1(C(=O)NC(=O)N(C)C1=O)C2=CC=CC=C2,1
CN[C@@](C)([H])[C@@](O)([H])C1=CC=CC=C1,1
CN2N=NC1=C(N=CN1C2=O)C(N)=O,1
CN2CC[C@@]14CCCC[C@@]1([H])[C@@]2([H])CC=3C=CC(O)=CC=34,1
CN(C/C=C/C#CC(C)(C)C)C/C1=C/C=CC2=CC=CC=C12,1
CC(C)([S])[C@@](N)([H])C(O)=O,1
C[C@@]34C[C@@](O)([H])[C@@]1([H])[C@@]([H])(CCC2=CC(=O)C=C[C@@]12C)[C@@]3([H])CC[C@@]4(O)C(=O)CO,1
CCC/C1=N/C(C)=C2N1N=C(/N=C2/O)C=3C=C(C=CC=3OCC)[S](=O)(=O)N4CCN(CC)CC4,1
CNC(NCC[S]C/C1=C/C=C(/CN(C)C)O1)=C[N+]([O-])=O,1
CO[C@@]1([H])C[C@@]([H])(CC[C@@]1(O)[H])C=C(C)[C@@]3([H])OC(=O)[C@@]2([H])CCCCN2C(=O)C(=O)[C@@]4(O)O[C@@]([H])([C@@]([H])(C[C@@](C)([H])CC(C)=C[C@@]([H])(CC=C)C(=O)C[C@@](O)([H])[C@@]3(C)[H])OC)[C@@]([H])(C[C@@]4(C)[H])OC,1
C[C@@]([H])(C/C1=C/C=CC=C1)N(C)C/C2=C/C=CC=C2,1
CCCCN/C1=C/C=C(C=C1)C(=O)OCCOCCOCCOCCOCCOCCOCCOCCOCCOC,1
CO/C1=C/C=C/C=C1/OC[C@@](O)([H])CO,1
CCCC/C2=N/C=C(/C=C(/C/C1=C/C=C[S]1)C(O)=O)N2C/C3=C/C=C(C=C3)C(O)=O,1
CO[C@@]1([H])C[C@@]([H])(CC[C@@]1(O)[H])C[C@@](C)([H])[C@@]4([H])CC(=O)[C@@](C)([H])C=C(C)[C@@](O)([H])[C@@]([H])(OC)C(=O)[C@@](C)([H])C[C@@](C)([H])C=CC=C/C=C(/C)[C@@]([H])(C[C@@]2([H])CC[C@@](C)([H])[C@@](O)(O2)C(=O)C(=O)N3CCCC[C@@]3([H])C(=O)O4)OC,1
N=C(N/C1=C/C=C(/[Cl])C=C1)NC(=N)NCCCCCCNC(=N)NC(=N)N/C2=C/C=C(/[Cl])C=C2,1
N/C1=N/C(=O)N(/C=C1/[F])[C@@]2([H])C[S][C@@]([H])(CO)O2,1
N[S](=O)(=O)C=1C=C2C(=CC=1[Cl])NC=N[S]2(=O)=O,1
CCOC(=O)[C@@]([H])(CC/C1=C/C=CC=C1)N[C@@](C)([H])C(=O)N3CC2=CC=CC=C2C[C@@]3([H])C(O)=O,1
CCN(CC)CCO/C1=C/C=C(C=C1)C(/C2=C/C=CC=C2)=C([Cl])C3=CC=CC=C3,1
[O-][N+](=O)O[C@@]1([H])CO[C@@]2([H])[C@@]([H])(CO[C@@]12[H])O[N+]([O-])=O,1
CN1[C@@]2([H])CCC[C@@]1([H])C[C@@]([H])(C2)NC(=O)C3=NN(C)C4=CC=CC=C34,1
C[C@@]34CC[C@@]1([H])[C@@]([H])(CCC2=CC(=O)C=C[C@@]12C)[C@@]3([H])CCC(=O)O4,1
C/C3=N/N=C4C/N=C(/C1=C/C=C/C=C1/[Cl])C=2/C=C(/[Cl])C=CC=2N34,1
OC[C@@]1([H])CC[C@@]([H])(O1)N2C=NC=3C2=NC=NC=3O,1
CCC(=C)C(=O)C=1C=CC(OCC(O)=O)=C([Cl])C=1[Cl],1
CN2C1=CC=CC=C1C4=C2CC[C@@]([H])(CN3C=C/N=C3/C)C4=O,1
CC=1C=C[S]C=1/C(=C/CCN2CCC[C@@]([H])(C2)C(O)=O)C=3[S]C=CC=3C,1
CO/C2=C/C1=C(C=CN=C1C=C2)[C@@](O)([H])[C@@]3([H])C[C@@]4([H])CCN3C[C@@]4([H])C=C,1
CCOC=1C=C(C=CC=1C(O)=O)CC(=O)N[C@@]([H])(CC(C)(C)[H])C2=CC=C/C=C2/N3CCCCC3,1
N[C@@]23CC1([H])C[C@@]([H])(C[C@@]([H])(C1)C2)C3,1
CCCCC[C@@](O)([H])C=C[C@@]1([H])[C@@](O)([H])CC(=O)[C@@]1([H])C/C=C/CCCC(O)=O,1
CN(C)CC/C=C2/C1=CC=CC=C1C=CC3=CC=CC=C23,1
C[C@@]([H])(CO/C1=C/C=CC=C1)N(CC[Cl])C/C2=C/C=CC=C2,1
CCOC(=O)C=C(C)C=C/C=C(/C)C=C/C1=C(/C)C(C)=C(OC)C=C1C,1
CCCC[C@@](C)(O)C/C=C/[C@@]1([H])[C@@](O)([H])CC(=O)[C@@]1([H])CCCCCCC(=O)OC,1
NCC=C.[Cl]C[C@@]1([H])CO1.CCCCCCCCCCNCC=C.C[N+](C)(C)CCCCCCNCC=C.[Cl].[Cl-],1
CCC[C@@]2(CC/C1=C/C=CC=C1)CC(=O)C(=C(O)O2)[C@@]([H])(CC)C4=CC(N[S](=O)(=O)C3=NC=C(C=C3)C([F])([F])[F])=CC=C4,1
CN1CCCC[C@@]1([H])CCN4C2=CC=CC=C2[S]C=3C=CC(=CC=34)[S](C)=O,1
CNCCC[C@@]13CC[C@@]([H])(C2=CC=CC=C12)C4=CC=CC=C34,1
OC(=O)C1=CC=C/C=C1/O,1
CCN(CC)[C@@](C)([H])C(=O)C1=CC=CC=C1,1
CC[N+](C)(CC)CCOC(=O)[C@@]2([H])C1=CC=CC=C1OC3=CC=CC=C23,1
N/C1=N/C(=O)N(C=C1)[C@@]2([H])CC[C@@]([H])(CO)O2,1
CC(C)(C(O)=O)C1=CC=C(C=C1)[C@@](O)([H])CCCN2CC[C@@]([H])(CC2)C(O)(C3=CC=CC=C3)C4=CC=CC=C4,1
CN[S](=O)(=O)CC/C3=C/C1=C(N/C=C1/C2([H])CCN(C)CC2)C=C3,1
CC[C@@]4([H])OC(=O)[C@@](C)([H])[C@@]([H])(O[C@@]1([H])C[C@@](C)(OC)[C@@](O)([H])[C@@](C)([H])O1)[C@@](C)([H])[C@@]([H])(O[C@@]2([H])O[C@@](C)([H])C[C@@]([H])(N(C)C)[C@@]2(O)[H])[C@@](C)(O)C[C@@](C)([H])[C@@]3([H])N[C@@]([H])(COCCOC)O[C@@]([H])([C@@]3(C)[H])[C@@]4(C)O,1
COC=2C=CC=1C[C@@]4([H])N(C)CC[C@@]35C=1C=2O[C@@]3([H])C(=O)CC[C@@]45[H],1
CC[C@@]34CC[C@@]1([H])[C@@]([H])(CCC2=CC(CC[C@@]12[H])=NO)[C@@]3([H])CC[C@@]4(OC(C)=O)C#C,1
C[C@@]3([H])C[C@@]2([H])[C@@]1([H])CC[C@@](O)(C(=O)CO)[C@@]1(C)C[C@@](O)([H])[C@@]2([H])[C@@]4(C)C=CC(=O)C=C34,1
CC(C)([H])NC[C@@](O)([H])CO/C2=C/C=CC=1NC=CC=12,1
CCC/C4=N/C1=C(C=C(/C=C1/C)C3=NC2=CC=CC=C2N3C)N4C/C5=C/C=C(C=C5)C6=CC=C/C=C6/C(O)=O,1
[Cl]/C3=C/C=2CCC=1C=CC=NC=1C(C=2C=C3)=C4CCNCC4,1
C[C@@](N)(C/C1=C/C(O)=C(O)C=C1)C(O)=O,1
CN2C1=CC=CC=C1C4=C2CCN(CC=3N=CNC=3C)C4=O,1
O[C@@]([H])(CC[C@@]2([H])C(=O)N(/C1=C/C=C(/[F])C=C1)[C@@]2([H])C3=C/C=C(/O)C=C3)C4=C/C=C(/[F])C=C4,1
CC[C@@]4([H])OC(=O)[C@@](C)([H])C(=O)[C@@](C)([H])[C@@]([H])(O[C@@]1([H])O[C@@](C)([H])C[C@@]([H])(N(C)C)[C@@]1(O)[H])[C@@](C)(C[C@@](C)([H])C(=O)[C@@](C)([H])[C@@]5([H])N(CCCCN2C=NC(=C2)C3=CN=CC=C3)C(=O)O[C@@]45C)OC,1
C[C@@]34CC[C@@]2([H])C=1C=CC(O)=CC=1CC[C@@]2([H])[C@@]3([H])CC[C@@]4(O)C#C,1
CCN2/C=C(/C(O)=O)C(=O)C3=CC([F])=C(N1CCN[C@@](C)([H])C1)C([F])=C23,1
CCC(=O)NCC[C@@]3([H])CCC=2C=CC=1OCCC=1C=23,1
CN2C(=O)N(C)C1=NC([Cl])=N/C1=C2/[O-].C[N+](C)CCOC([H])(C1=CC=CC=C1)C2=CC=CC=C2,1
CCN(C)C(=O)O/C1=C/C=CC(=C1)[C@@](C)([H])N(C)C,1
C[C@@]34CC[C@@]1([H])[C@@]([H])(CC(=C)C2=CC(=O)C=C[C@@]12C)[C@@]3([H])CCC4=O,1
CN1C=N/C(=C1/[S]C=3NC=NC2=NC=NC2=3)[N+]([O-])=O,1
CC[P+](CC)CC.CC(=O)OC[C@@]1([H])O[C@@]([S-])([H])[C@@]([H])(OC(C)=O)[C@@]([H])(OC(C)=O)[C@@]1([H])OC(C)=O.[Au+],1
NCC1(CCCCC1)CC(O)=O,1
CN[C@@]3([H])CCC=2NC=1C=CC(=CC=1C=2C3)C(N)=O,1
CC(C)(C)NC[C@@](O)([H])C1=CC(CO)=C(O)C=C1,1
O[C@@]([H])(CO/C2=C/C1=C(OC(=CC1=O)C(O)=O)C=C2)CO/C4=C/C=CC=3OC(=CC(=O)C=34)C(O)=O,1
N/C2=N/C(O)=C1N=CN(COC([H])(CO)CO)C1=N2,1
NC(=O)NO,1
C[S](=O)(=O)OCCCCO[S](C)(=O)=O,1
C[C@@]([H])(C(O)=O)C1=CC(=CC=C1)C(=O)C2=CC=CC=C2,1
C[C@@]([H])(NCCC/C1=C/C(=CC=C1)C([F])([F])[F])C2=CC=CC3=CC=CC=C23,1
OC(=O)CCNC(=O)C2=C/C=C(/N=N/C1=C/C=C(/O)C(=C1)C(O)=O)C=C2,1
CN(C)[C@@]2([H])C(=O)C(=C(O)[C@@]3(O)C(=O)C1=C(O)C=4C(C[C@@]1([H])C[C@@]23[H])=C(C=CC=4O)N(C)C)C(N)=O,1
C[C@@]([H])(C[N+](C)(C)C)OC(N)=O,1
O[C@@]1([H])CO[C@@]2([H])[C@@]([H])(CO[C@@]12[H])O[N+]([O-])=O,1
CCOC(O)=C1C(C)=NC(C)=C(C(=O)OC)[C@@]1([H])C=2C=C/C=C(/[Cl])C=2[Cl],1
CO/C2=C(/C/C=C(/C)CCC(O)=O)C(O)=C1C(=O)OC/C1=C2/C,1
CC(=O)N1CCN(CC1)C5=C/C=C(/OC[C@@]3([H])CO[C@@](CN2C=CN=C2)(O3)C=4C=CC([Cl])=CC=4[Cl])C=C5,1
[S]C=2NC=NC1=NC=NC1=2,1
CCN(CC)CCNC(=O)C1=C/C=C(/N)C=C1,1
CC(C)([H])N(CC[C@@]([H])(C1=CC=CC=C1)C=2/C=C(/C)C=CC=2O)C(C)(C)[H],1
C[C@@]([H])(C/C1=C/C=CC=C1)N(C)CC#C,1
CC(C)([H])OC(=O)C(C)(C)O/C1=C/C=C(C=C1)C(=O)C2=C/C=C(/[Cl])C=C2,1
O=C3CC[C@@]([H])(N2C(=O)C1=CC=CC=C1C2=O)C(=O)N3,1
N[C@@]([H])(C/C1=C/C=C(C=C1)N(CC[Cl])CC[Cl])C(O)=O,1
C[C@@]13C[C@@]2([H])C[C@@](C)(C1)CC(N)(C2)C3,1
CO[C@@]3([H])C=CO[C@@]1(C)OC2=C(C1=O)C5=C(C(O)=C2C)C(O)=C(NC(=O)C(C)=CC=C[C@@](C)([H])[C@@](O)([H])[C@@](C)([H])[C@@](O)([H])[C@@](C)([H])[C@@]([H])(OC(C)=O)[C@@]3(C)[H])C(/C=N/N4CCN(C)CC4)=C5O,1
N/C3=N/C(N[C@@]1([H])CC1)=C2N=CN(C2=N3)[C@@]4([H])C[C@@]([H])(CO)C=C4,1
CCC(C)(C)[C@@]7([H])N5C(=O)[C@@](NC(=O)[C@@]2([H])C[C@@]1([H])C=3C=CC=C4NC=C(C[C@@]1([H])N(C)C2)C=34)(O[C@@]5(O)[C@@]6([H])CCCN6C7=O)C(C)(C)[H],1
CC(C)([H])C/C1=C/C=C(C=C1)[C@@](C)([H])C(O)=O,1
CC3(C)[S][C@@]1([H])N(C(=O)[C@@]1([H])NC(=O)C/C2=C/C=CC=C2)[C@@]3([H])C(O)=O,1
C[C@@](N)([H])C(=O)N/C1=C(/C)C=C/C=C1/C,1
O=C1CN(C[C@@]2([H])N1CCC3=CC=CC=C23)C(=O)[C@@]4([H])CCCCC4,1
CCN1/C=C(/C(O)=O)C(=O)C2=CC([F])=C(C=C12)N3CCNCC3,1
CC3(C)[S][C@@]1([H])N(C(=O)[C@@]1([H])NC(=O)[C@@](N)([H])C2=C/C=C(/O)C=C2)[C@@]3([H])C(O)=O,1
CCN(CC)CC#CCOC(=O)[C@@](O)(C1=CC=CC=C1)[C@@]2([H])CCCCC2,1
CO/N=C(/C(=O)N[C@@]1([H])C(=O)N2C(=C(C[S][C@@]12[H])C=CC=3[S]C=NC=3C)C(=O)OCOC(=O)C(C)(C)C)C4=C[S]C(N)=N4,1
C[C@@]([H])(CN2C1=CC=CC=C1[S]C3=CC=CC=C23)N(C)C,1
CC(C)([H])[C@@](C)([H])C=C[C@@](C)([H])[C@@]2([H])CC[C@@]1([H])C(CCC[C@@]12C)=C/C=C3/C[C@@](O)([H])CC[C@@]3(C)[H],1
COC(=O)N[C@@]([H])(C(=O)N[C@@]([H])(C/C1=C/C=CC=C1)[C@@](O)([H])CN(C/C2=C/C=C(C=C2)C3=CC=CC=N3)NC(=O)[C@@]([H])(NC(=O)OC)C(C)(C)C)C(C)(C)C,1
NC=1/N=C(/[F])N=C2C=1N=CN2[C@@]3([H])O[C@@]([H])(CO[P](O)(O)=O)[C@@](O)([H])[C@@]3(O)[H],1
[H][C@@]1(CCCCC1)C([H])(C[C@@]2([H])CCCCN2)[C@@]3([H])CCCCC3,1
CN(C)CCOC([H])(C1=CC=CC=C1)C2=CC=CC=C2,1
CC(C)([H])C3=C(C(=O)N/C1=C/C=CC=C1)C(/C2=C/C=CC=C2)=C(N3CC[C@@](O)([H])C[C@@](O)([H])CC(O)=O)C4=C/C=C(/[F])C=C4,1
CCCCC/N=C(/N)N/N=C/C2=C/NC=1C=CC(=CC=12)CO,1
N[C@@]([H])(CCC(O)=O)C=C,1
CCOC(=O)C1(CCN(CC1)CCC(C#N)(C2=CC=CC=C2)C3=CC=CC=C3)C4=CC=CC=C4,1
CCCCCCCCCCC[C@@]([H])(C[C@@]1([H])OC(=O)[C@@]1([H])CCCCCC)OC(=O)[C@@]([H])(CC(C)(C)[H])NC=O,1
CC[C@@]1([H])C(=O)OC[C@@]1([H])C/C2=C/N=CN2C,1
CCOC(=O)C1=C/C=C(/N)C=C1,1
CO/C2=C/C(N[C@@](C)([H])CCCN)=C1N=CC=CC1=C2,1
CC(C)([H])N3C1=CC=CC=C1C(/C2=C/C=C(/[F])C=C2)=C3/C=C/[C@@](O)([H])C[C@@](O)([H])CC(O)=O,1
CC=1ON=CC=1C(=O)N/C2=C/C=C(C=C2)C([F])([F])[F],1
CC(C)([H])C2=NC(=NC(/C1=C/C=C(/[F])C=C1)=C2/C=C/[C@@](O)([H])C[C@@](O)([H])CC(O)=O)N(C)[S](C)(=O)=O,1
[F]/C1=C/C=C(C=C1)C([H])(CCCN2CCC([H])(CC2)N3C(O)=NC4=CC=CC=C34)C5=C/C=C(/[F])C=C5,1
CCCCCOC(=O)N/C1=N/C(=O)N(/C=C1/[F])[C@@]2([H])O[C@@](C)([H])[C@@](O)([H])[C@@]2(O)[H],1
CN[C@@]2([H])CC[C@@]([H])(C1=CC([Cl])=C([Cl])C=C1)C3=CC=CC=C23,1
CC(C)([H])C[C@@]([H])(N(C)C)[C@@]1(CCC1)C2=C/C=C(/[Cl])C=C2,1
CO/N=C(/C(=O)N[C@@]1([H])C(=O)N2C(=C(C[S][C@@]12[H])COC(N)=O)C(O)=O)C3=CC=CO3,1
CN(C)CC[C@@]([H])(C1=C/C=C(/[Cl])C=C1)C2=CC=CC=N2,1
COC(=O)C1=C(C)N=C(C)C(=C(O)OC)[C@@]1([H])C2=CC=C/C=C2/[N+]([O-])=O,1
O/C1=C(/C(=O)C(=O)C2=CC=CC=C12)[C@@]3([H])CC[C@@]([H])(CC3)C4=C/C=C(/[Cl])C=C4,1
CCCCC=2OC1=CC=CC=C1C=2C(=O)C3=CC([I])=C(OCCN(CC)CC)C([I])=C3,1
C/C1=C/C=C(C=C1)[S](=O)(=O)NC(=O)NN3C[C@@]2([H])CCC[C@@]2([H])C3,1
NC(=O)NC(=O)C/C1=C/C=CC=C1,1
CO/C1=C/C=C(C=C1)C3([H])C(=O)C2=CC=CC=C2C3=O,1
C[C@@]34CC[C@@]1([H])[C@@]([H])(CC[C@@]2([H])NC(=O)C=C[C@@]12C)[C@@]3([H])CC[C@@]4([H])C(=O)NC=5C=C(C=CC=5C([F])([F])[F])C([F])([F])[F],1
C[C@@](O)(C[S](=O)(=O)C1=C/C=C(/[F])C=C1)C(=O)N/C2=C/C(=C(C=C2)C#N)C([F])([F])[F],1
COCCCOC=3C=C/N=C(/C[S](=O)C2=NC1=CC=CC=C1N2)C=3C,1
CC/C3=C/N=C(/CCO/C2=C/C=C(/C[C@@]1([H])[S]C(=O)NC1=O)C=C2)C=C3,1
O[P](O)(=O)C([H])([S]/C1=C/C=C(/[Cl])C=C1)[P](O)(O)=O,1
CO/C1=C/C=C/C=C1/OCCNC[C@@](O)([H])CO/C4=C/C=CC=3NC2=CC=CC=C2C=34,1
C[C@@]1([H])COC3=C2N1/C=C(/C(O)=O)C(=O)C2=CC([F])=C3N4CCN(C)CC4,1
O=C1N(N(C(=O)C1([H])CC[S](=O)C2=CC=CC=C2)C3=CC=CC=C3)C4=CC=CC=C4,1
CC=1C[S][C@@]2([H])N(C=1C(O)=O)C(=O)[C@@]2([H])NC(=O)[C@@](N)([H])C3=C/C=C(/O)C=C3,1
CN(C)CC/C=C2/C1=CC=CC=C1COC3=CC=CC=C23,1
N[S](=O)(=O)C1=C/C(=C(/[Cl])C([Cl])=C1)[S](N)(=O)=O,1
CC=1ON=C(C=1C(=O)N[C@@]2([H])C(=O)N3[C@@]2([H])[S]C(C)(C)[C@@]3([H])C(O)=O)C4=CC=C/C=C4/[Cl],1
C/C3=C(/OC1=C(C=C/C=C1/C(=O)OCCN2CCCCC2)C3=O)C4=CC=CC=C4,1
C/C=C/C=1C[S][C@@]2([H])N(C=1C(O)=O)C(=O)[C@@]2([H])NC(=O)[C@@](N)([H])C3=C/C=C(/O)C=C3,1
CO/N=C1/CN(C[C@@]1([H])CN)C=2N=C3C(=CC=2[F])C(=O)C(=CN3[C@@]4([H])CC4)C(O)=O,1
C[C@@]([H])(NC(C)(C)C)C(=O)C1=CC([Cl])=CC=C1,1
COC=2C=C1N=C(/N=C(/N)C1=CC=2OC)N3CCN(CC3)C(=O)[C@@]4([H])CCCO4,1
[Cl-].[Cl-].[Ca++],1
O=C2CCC=1C=C(C=CC=1N2)OCCCC/C3=N/N=NN3C4([H])CCCCC4,1
CC[C@@](C)([H])N1N=CN(C1=O)C2=CC=C(C=C2)N3CCN(CC3)C7=C/C=C(/OC[C@@]5([H])CO[C@@](CN4C=NC=N4)(O5)C=6C=CC([Cl])=CC=6[Cl])C=C7,1
O1[As]2O[As]1O2,1
N=C(N)NCCN1CCCCCCC1,1
NC[C@@]3([H])O[C@@]([H])(O[C@@]2([H])[C@@](N)([H])C[C@@](N)([H])[C@@]([H])(O[C@@]1([H])O[C@@]([H])(CO)[C@@](O)([H])[C@@](N)([H])[C@@]1(O)[H])[C@@]2(O)[H])[C@@](O)([H])[C@@](O)([H])[C@@]3(O)[H],1
CN(C)CCO[C@@]([H])(C1=CC=CC=C1)C2=CC=C/C=C2/C,1
CN(C)CCC[C@@]2(OCC=1C=C(C=CC=12)C#N)C3=C/C=C(/[F])C=C3,1
CN1CCN(CC1)C([H])(C2=CC=CC=C2)C3=CC=CC=C3,1
CCCNC[C@@](O)([H])CO/C1=C/C=C/C=C1/C(=O)CC/C2=C/C=CC=C2,1
[Cl]/C2=C/C=1/N=C(/O)N(C=1C=C2)[C@@]5([H])CCN(CCCN3C(O)=NC4=CC=CC=C34)CC5,1
C[C@@]3(O)CC[C@@]4([H])[C@@]2([H])CCC1=CC(=O)CC[C@@]1(C)[C@@]2([F])[C@@](O)([H])C[C@@]34C,1
CCCN2C[C@@]([H])(C[S]C)C[C@@]1([H])C=3C=CC=C4NC=C(C[C@@]12[H])C=34,1
CCC[C@@]1([H])C[C@@]([H])(N(C)C1)C(=O)N[C@@]([H])([C@@](C)([Cl])[H])[C@@]2([H])O[C@@]([H])([S]C)[C@@](O)([H])[C@@](O)([H])[C@@]2(O)[H],1
CCCC(=O)N/C1=C/C(C(C)=O)=C(OC[C@@](O)([H])CNC(C)(C)[H])C=C1,1
[F]C([F])([F])CO/C2=C/C(C(=O)NC[C@@]1([H])CCCCN1)=C(OCC([F])([F])[F])C=C2,1
C[C@@]34CC[C@@]2([H])C=1C=CC(OC(=O)N(CC[Cl])CC[Cl])=CC=1CC[C@@]2([H])[C@@]3([H])CC[C@@]4(O)[H],1
C[C@@]([H])(C[S])C(=O)N1CCC[C@@]1([H])C(O)=O,1
CC(C)([H])C[C@@]7([H])N5C(=O)[C@@](NC(=O)[C@@]2([H])CN(C)[C@@]1([H])C/C3=C(/[Br])NC4=CC=CC(C1=C2)=C34)(O[C@@]5(O)[C@@]6([H])CCCN6C7=O)C(C)(C)[H],1
CO[C@@]3([H])C=CO[C@@]1(C)OC2=C(C1=O)C6=C(C(O)=C2C)C(O)=C(NC(=O)C(C)=CC=C[C@@](C)([H])[C@@](O)([H])[C@@](C)([H])[C@@](O)([H])[C@@](C)([H])[C@@]([H])(OC(C)=O)[C@@]3(C)[H])C(/C=N/N4CCN(CC4)[C@@]5([H])CCCC5)=C6O,1
CC[C@@]([H])(N1CCCC1=O)C(N)=O,1
CC(C)(C)NC[C@@](O)([H])CO/C2=C/C=CC=1C[C@@](O)([H])[C@@](O)([H])CC=12,1
[Cl]CCN(N=O)C(=O)NC1([H])CCCCC1,1
C[C@@]1([H])CN(C[C@@](C)([H])N1)C3=C([F])C(N)=C2C(=O)C(=CN(/C2=C3/[F])[C@@]4([H])CC4)C(O)=O,1
CC[C@@]3([H])OC(=O)[C@@](C)([H])[C@@]([H])(O[C@@]1([H])C[C@@](C)(OC)[C@@](O)([H])[C@@](C)([H])O1)[C@@](C)([H])[C@@]([H])(O[C@@]2([H])O[C@@](C)([H])C[C@@]([H])(N(C)C)[C@@]2(O)[H])[C@@](C)(C[C@@](C)([H])C(=O)[C@@](C)([H])[C@@](O)([H])[C@@]3(C)O)OC,1
[Cl]/C1=C/C3=C(C=C1)N2C=NN=C2C/N=C3/C4=C/C=CC=C4,1
CC(C)(C)NC(=O)[C@@]3([H])CC[C@@]4([H])[C@@]2([H])CC[C@@]1([H])NC(=O)C=C[C@@]1(C)[C@@]2([H])CC[C@@]34C,1
[O-][N+](=O)C1=CC=C(C=C1)C2=CC=C(O2)C=NN3CC(=O)NC3=O,1
CO[C@@]3([H])C=CO[C@@]1(C)OC2=C(C1=O)C4=C(C(O)=C2C)C(O)=C(NC(=O)C(C)=CC=C[C@@](C)([H])[C@@](O)([H])[C@@](C)([H])[C@@](O)([H])[C@@](C)([H])[C@@]([H])(OC(C)=O)[C@@]3(C)[H])C5=C4N=C6/C=C(/C)C=CN56,1
CCC[C@@]5([H])O[C@@]4([H])C[C@@]3([H])[C@@]2([H])CCC1=CC(=O)C=C[C@@]1(C)[C@@]2([H])[C@@](O)([H])C[C@@]3(C)[C@@]4(O5)C(=O)CO,1
NCCN.CN2C(=O)N(C)C=1NC=NC=1C2=O.CN2C(=O)N(C)C=1NC=NC=1C2=O,1
CC[C@@]([H])(OC(C)=O)C(C[C@@](C)([H])N(C)C)(C1=CC=CC=C1)C2=CC=CC=C2,1
N/C1=N/C(=O)[C@@]([H])(O1)C2=CC=CC=C2,1
OC(CCCN1CCCCC1)(C2=CC=CC=C2)C3=CC=CC=C3,1
CC(C)(C)NC(=O)[C@@]2([H])C[C@@]1([H])CCCC[C@@]1([H])CN2C[C@@](O)([H])[C@@]([H])(C/C3=C/C=CC=C3)NC(=O)[C@@]([H])(CC(N)=O)NC(=O)C5=NC4=CC=CC=C4C=C5,1
C[C@@]4([H])C[C@@]3([H])[C@@]2([H])CCC1=CC(=O)C=C[C@@]1(C)[C@@]2([F])[C@@](O)([H])C[C@@]3(C)[C@@]4(O)C(=O)CO,1
N[C@@]([H])(C/C1=C/C(O)=C(O)C=C1)C(O)=O,1
[Cl]/C4=C/C=CC(N3CCN(CCCCO/C2=C/C=1NC(=O)CCC=1C=C2)CC3)=C4[Cl],1
CN(C)CC/C=C3/C1=CC=CC=C1[S]C=2C=CC([Cl])=CC=23,1
CC(C)([H])COC[C@@]([H])(CN(C/C1=C/C=CC=C1)C2=CC=CC=C2)N3CCCC3,1
C[C@@]([H])(CN(C)C)CN2C1=CC=CC=C1[S]C3=CC=CC=C23,1
OC(=O)C1=CC(=C/C=C1/O)N=N/C2=C/C(C(O)=O)=C(O)C=C2,1
C[C@@]([H])(CO)NC(=O)[C@@]2([H])CN(C)[C@@]1([H])CC3=CNC4=CC=CC(C1=C2)=C34,1
C/C3=N/C(N/C1=N/C=C([S]1)C(=O)N/C2=C(/C)C=C/C=C2/[Cl])=CC(=N3)N4CCN(CCO)CC4,1
C[C@@]([H])(C/C1=C/C=CC=C1)NC(=O)[C@@](N)([H])CCCCN,1
COCCCOC=1C=C(C=CC=1OC)C[C@@]([H])(C[C@@](N)([H])[C@@](O)([H])C[C@@]([H])(C(=O)NCC(C)(C)C(N)=O)C(C)(C)[H])C(C)(C)[H],1
C[S](=O)(=O)CCNC/C1=C/C=C(O1)C2=CC=3C(C=C2)=NC=NC=3N/C5=C/C([Cl])=C(OC/C4=C/C([F])=CC=C4)C=C5,1
N[C@@]([H])(CC(=O)N1CCN2C(C1)=N/N=C2/C([F])([F])[F])C/C3=C/C([F])=C([F])C=C3[F],1
CC[C@@]([H])(N1N=CN(C1=O)C2=CC=C(C=C2)N3CCN(CC3)C7=C/C=C(/OC[C@@]4([H])CO[C@@](C4)(CN5C=NC=N5)C=6C=CC([F])=CC=6[F])C=C7)[C@@](C)(O)[H],1
CC(C)([H])CN(C[C@@](O)([H])[C@@]([H])(C/C1=C/C=CC=C1)NC(=O)O[C@@]2([H])CO[C@@]3([H])OCC[C@@]23[H])[S](=O)(=O)C4=C/C=C(/N)C=C4,1
C/C1=C/N(C(=O)NC1=O)[C@@]2([H])C[C@@](O)([H])[C@@]([H])(CO)O2,1
CC=2N=C1N(CCC[C@@]1(O)[H])C(=O)C=2CCN3CC[C@@]([H])(CC3)C5=NOC=4/C=C(/[F])C=CC=45,1
CCN(CC)CCNC(=O)C3=C(C)NC(/C=C2/C(=O)NC=1C=CC([F])=CC=12)=C3C,1
[H][C@@]13CNC[C@@]([H])(C1)C4=CC2=NC=CN=C2C=C34,1
C/C2=C/C(CC(O)=O)=C(N/C1=C(/[F])C=C/C=C1/[Cl])C=C2,1
O=C1O[Bi]OC2=CC=CC=C12.O,1
CCN2C=CC(N[S](=O)(=O)C1=C/C=C(/N)C=C1)=NC2=O,1
C[N+](C)(C)CCO.CN2C(=O)N(C)C1=NC=N/C1=C2/[O-],1
CC(C)([H])CN(C[C@@]([H])(O[P](O)(O)=O)[C@@]([H])(C/C1=C/C=CC=C1)NC(=O)O[C@@]2([H])CCOC2)[S](=O)(=O)C3=C/C=C(/N)C=C3,1
CN2[C@@]([H])(C[S]CC([F])([F])[F])NC1=CC([Cl])=C(C=C1[S]2(=O)=O)[S](N)(=O)=O,1
CC[C@@]2([H])NC(=O)C1=C/C(=C(/[Cl])C=C1N2)[S](N)(=O)=O,1
CCOC(=O)[C@@]([H])(CC/C1=C/C=CC=C1)N[C@@]3([H])CCCN2CCC[C@@]([H])(N2C3=O)C(O)=O.O,1
[O-][S](=O)(=O)C1=CC=C/C=C1/C=C.[Ca++],1
CN1C(=O)NC(=O)[C@@](C)(C1=O)C2=CCCCC2,1
CC(C)(C)NC[C@@](O)([H])CO/C1=C/C=C/C=C1/[C@@]2([H])CCCC2,1
CO[C@@]1([H])C[C@@]([H])(O[C@@](C)([H])[C@@]1([H])OC(C)=O)O[C@@]4([H])[C@@](C)([H])[C@@]([H])(O[C@@]2([H])O[C@@](C)([H])C[C@@]([H])(N(C)C)[C@@]2([H])OC(C)=O)[C@@](C)([H])C[C@@]3(CO3)C(=O)[C@@](C)([H])[C@@]([H])(OC(C)=O)[C@@](C)([H])[C@@](C)([H])OC(=O)[C@@]4(C)[H],1
CN[C@@](C)([H])[C@@](O)([H])C1=CC=CC=C1,1
C#CCN[C@@]1([H])CCC2=CC=CC=C12,1
CC(=O)OCC(=O)[C@@]3(O)CC[C@@]4([H])[C@@]2([H])CCC1=CC(=O)CC[C@@]1(C)[C@@]2([H])C(=O)C[C@@]34C,1
C[C@@]4([H])C[C@@]3([H])[C@@]2([H])C[C@@]([F])([H])C1=CC(=O)C=C[C@@]1(C)[C@@]2([H])[C@@](O)([H])C[C@@]3(C)[C@@]4(O)C(=O)CO,1
O=C([O-])O.[Na+],1
COC(=O)[C@@]4([H])[C@@](O)([H])CC[C@@]5([H])CN3CCC1=C(NC2=CC=CC=C12)[C@@]3([H])C[C@@]45[H],1
CC(C)(O/C2=C/C=C(/CCNC(=O)C1=C/C=C(/[Cl])C=C1)C=C2)C(O)=O,1
CO/C1=C/C=C2C(=CC1=O)[C@@]([H])(CCC3=CC(OC)=C(OC)C(OC)=C23)NC(C)=O,1
C[C@@]13CCC(=O)C=C1[C@@]2([H])C[C@@]2([H])[C@@]4([H])[C@@]3([H])CC[C@@]6(C)[C@@]4([H])[C@@]5([H])C[C@@]5([H])[C@@]67CCC(=O)O7,1
C[C@@]1([H])O[C@@]([H])(C[C@@](O)([H])[C@@]1(O)[H])O[C@@]2([H])[C@@](O)([H])C[C@@]([H])(O[C@@]2(C)[H])O[C@@]8([H])[C@@](O)([H])C[C@@]([H])(O[C@@]7([H])CC[C@@]3(C)[C@@]([H])(CC[C@@]4([H])[C@@]3([H])CC[C@@]5(C)[C@@]([H])(CC[C@@]45O)C6=CC(=O)OC6)C7)O[C@@]8(C)[H],1
CO/C3=C/C2=C([S]C=1C=CC=CC=1N2C[C@@](C)([H])CN(C)C)C=C3,1
C[C@@]23CC=1C=NOC=1C=C2CC[C@@]4([H])[C@@]3([H])CC[C@@]5(C)[C@@]4([H])CC[C@@]5(O)C#C,1
CN(C)C(=O)O/C1=C/C(=CC(OC(=O)N(C)C)=C1)[C@@](O)([H])CNC(C)(C)C,1
N/C1=N/C(=C[S]1)C(=CCC(O)=O)C(=O)N[C@@]2([H])C(=O)N3C(=CC[S][C@@]23[H])C(O)=O.O.O,1
COCC=1C[S][C@@]2([H])N(C=1C(O)=O)C(=O)[C@@]2([H])NC(=O)C(=NOC)C3=C[S]C(N)=N3,1
CC(=O)C[C@@]([H])(C1=CC=C(C=C1)[N+]([O-])=O)C3=C(O)OC2=CC=CC=C2C3=O,1
CCC(=O)O[C@@]3([H])CC[C@@]4([H])[C@@]2([H])CCC1=CC(=O)CC[C@@]1(C)[C@@]2([H])CC[C@@]34C,1
NC[C@@]4([H])O[C@@]([H])(O[C@@]3([H])[C@@]([H])(CO)O[C@@]([H])(O[C@@]1([H])[C@@](O)([H])[C@@](N)([H])C[C@@](N)([H])[C@@]1([H])O[C@@]2([H])O[C@@]([H])(CO)[C@@](O)([H])[C@@](O)([H])[C@@]2(N)[H])[C@@]3(O)[H])[C@@](N)([H])[C@@](O)([H])[C@@]4(O)[H],1
C[C@@]34CC[C@@]1([H])[C@@]([H])(CCC2=CC(=O)CC[C@@]12[H])[C@@]3([H])CCC4=O,1
CC(C)([H])CCC[C@@](C)([H])[C@@]2([H])CC[C@@]1([H])C(CCC[C@@]12C)=C/C=C3/C[C@@](O)([H])C[C@@](O)([H])C3=C,1
CO/C2=C/C(C[C@@](C)(N)[H])=CC=1OCOC=12,1
CCN[C@@]2([H])[C@@]1([H])CC[C@@]([H])(C1)[C@@]2([H])C3=CC=CC=C3,1
C[C@@]34CC[C@@]1([H])[C@@]([H])(CC/C2=C(/[Cl])C(=O)CC[C@@]12C)[C@@]3([H])CC[C@@]4(O)[H],1
CC/C1=C/C2=C([S]1)N(C)C(=O)C/N=C2/C3=C/C=C/C=C3/[Cl],1
CN[C@@](C)([H])C/C1=C/C=CC=C1,1
C[C@@]1([H])N(C)CCO[C@@]1([H])C2=CC=CC=C2,1
CC(C)([H])NC[C@@](O)([H])CO/C1=C/C=C/C=C1/OCC=C,1
N[C@@]([H])(C/C2=C/C([I])=C(O/C1=C/C([I])=C(O)C=C1)C([I])=C2)C([O-])=O.N[C@@]([H])(C/C2=C/C([I])=C(O/C1=C/C([I])=C(O)C([I])=C1)C([I])=C2)C([O-])=O.[Na+].[Na+],1
C[C@@]([H])(CCC(O)=O)[C@@]3([H])CC[C@@]4([H])[C@@]2([H])[C@@](O)([H])C[C@@]1([H])C[C@@](O)([H])CC[C@@]1(C)[C@@]2([H])CC[C@@]34C,1
[Cl]/C1=C/C3=C(C=C1)N(CC2([H])CC2)C(=O)C/N=C3/C4=C/C=CC=C4,1
[F]/C1=C/C=C/C=C1/C3=N/CC(=[S])N(CC([F])([F])[F])C=2C=CC([Cl])=CC=23,1
OC(=O)CCC(O)=O.O=C(O[C@@]1([H])CN2CC[C@@]1([H])CC2)N4CCC3=CC=CC=C3[C@@]4([H])C5=CC=CC=C5,1
CC(C)([S]/C1=C/C(=C(/O)C(=C1)C(C)(C)C)C(C)(C)C)[S]/C2=C/C(=C(/O)C(=C2)C(C)(C)C)C(C)(C)C,1
C[C@@]([H])(C(O)=O)C1=CC=C([S]1)C(=O)C2=CC=CC=C2,1
CC(C)([H])[C@@]([H])(N1CCCNC1=O)C(=O)N[C@@]([H])(C[C@@](O)([H])[C@@]([H])(C/C2=C/C=CC=C2)NC(=O)CO/C3=C(/C)C=C/C=C3/C)C/C4=C/C=CC=C4,1
CCOC(=O)O[C@@](C)([H])OC(=O)[C@@]3([H])N2C(=O)[C@@]([H])(NC(=O)[C@@](N)([H])C1=CC=CC=C1)[C@@]2([H])[S]C3(C)C,1
CC(C)(C)C(=O)OCOC(=O)[C@@]3([H])N2C(=O)[C@@]([H])(NC(=O)[C@@](N)([H])C1=CC=CC=C1)[C@@]2([H])[S]C3(C)C,1
OC(=O)C1=CC=C(C=C1)N2N=C(/N=C2/C3=C/C=C/C=C3/O)C4=CC=C/C=C4/O,1
CC(C)([H])[C@@](N)([H])C(=O)OC[C@@]([H])(CO)OCN1C=NC=2C1=NC(N)=NC=2O,1
CCN(CCO)CCC[C@@](C)([H])NC=1C=CN=C2/C=C(/[Cl])C=CC=12,1
CC(C)([H])CCON=O,1
CC/C3=C(/C)NC=2CC[C@@]([H])(CN1CCOCC1)C(=O)C=23,1
CN(C)CC[C@@]([H])(C1=CC=CC=C1)C2=CC=CC=N2,1
CN4CCN(CCCN3C1=CC=CC=C1[S]C=2C=CC(=CC=23)[S](=O)(=O)N(C)C)CC4,1
CN4CCN(CC/C=C3/C1=CC=CC=C1[S]C=2C=CC(=CC=23)[S](=O)(=O)N(C)C)CC4,1
OCCN4CCN(CC/C=C3/C1=CC=CC=C1[S]C=2C=CC([Cl])=CC=23)CC4,1
ONC(=O)CCCCCCC(=O)N/C1=C/C=CC=C1,1
C[C@@]45CC[C@@]3([H])C=2C=CC(O[C@@]1([H])CCCC1)=CC=2CC[C@@]3([H])[C@@]4([H])CC[C@@]5(O)C#C,1
CC(C)([H])C1=N/N=C(/C)N1[C@@]2([H])C[C@@]3([H])CC[C@@]([H])(C2)N3CC[C@@]([H])(NC(=O)[C@@]4([H])CC[C@@]([F])([F])CC4)C5=CC=CC=C5,1
CN(C)CC[C@@](O)(C1=CC=CC=C1)C2=CC=C/C=C2/[Cl],1
C[C@@]1([H])C[C@@]([H])(CC(C)(C)C1)OC(=O)[C@@](O)([H])C2=CC=CC=C2,1
CC(=O)[C@@]4(O)CC[C@@]5([H])[C@@]3([H])C=C([Cl])C2=CC(=O)[C@@]1([H])C[C@@]1([H])[C@@]2(C)[C@@]3([H])CC[C@@]45C,1
[F]/C1=C/C=C(C=C1)C([H])(N2CCN(CC2)C/C=C/C3=C/C=CC=C3)C4=C/C=C(/[F])C=C4,1
C[N+]1(C)CCC[C@@]([H])(C1)OC(=O)C(O)(C2=CC=CC=C2)C3=CC=CC=C3,1
COC=3C=C2CCN1C[C@@]([H])(CC(C)(C)[H])C(=O)C[C@@]1([H])C2=CC=3OC,1
O[C@@]([H])(CNC[C@@](O)([H])[C@@]2([H])CCC=1/C=C(/[F])C=CC=1O2)[C@@]4([H])CCC=3/C=C(/[F])C=CC=3O4,1
OC(=O)CCCN1CC[C@@]([H])(CC1)O[C@@]([H])(C2=C/C=C(/[Cl])C=C2)C3=CC=CC=N3,1
CCOC(=O)CN[C@@]([H])(C(=O)N1CC[C@@]1([H])C(=O)NC/C2=C/C=C(C=C2)C(=N)NO)[C@@]3([H])CCCCC3,1
C[C@@]([H])(O/C1=C(/[Cl])C=C/C=C1/[Cl])C2=NCCN2,1
CN1C(=O)C[C@@](C)(C1=O)C2=CC=CC=C2,1
C/C1=C(/N(/N=C1/C(=O)NN2CCCCC2)C=3C=CC([Cl])=CC=3[Cl])C4=C/C=C(/[Cl])C=C4,1
N[C@@]([H])(C(O)=O)[C@@](O)([H])C1=CC(O)=C(O)C=C1,1
CCCOC=1C=CC(=CC=1/C2=N/C(O)=C3C(=N2)C(CCC)=NN3C)[S](=O)(=O)NCC[C@@]4([H])CCCN4C,1
C[C@@]1([H])CN(CC[C@@]1(C)C2=CC(O)=CC=C2)C[C@@]([H])(C/C3=C/C=CC=C3)C(=O)NCC(O)=O,1
